sample_definition,log_mstar_lo,log_mstar_hi,window_center,window_width,bootstrap_mode,n,score_available,target_variance,log_mgas_variance,log_gas_fraction_variance,l3_r2,l3_plus_gas_mass_r2,gas_mass_marginal_r2,l3_plus_gas_fraction_r2,gas_fraction_marginal_r2,l3_plus_all_internal_r2,all_internal_marginal_r2,l3_plus_internal_excluding_gas_r2,internal_excluding_gas_marginal_r2,l3_plus_sfr_r2,sfr_marginal_r2,l3_plus_gas_mass_and_sfr_r2,gas_mass_and_sfr_marginal_r2,dominant_internal_feature,dominant_candidate_feature,carrier_ranking_method,gas_mass_rank,gas_leave_one_out_r2_drop,gas_fraction_rank,gas_fraction_rank_method,sfr_rank,single_marginal__int_log_mstar,single_marginal__int_log_mgas,single_marginal__int_log_sfr,single_marginal__int_log_ssfr,single_marginal__int_log_rstar,single_marginal__int_metallicity,single_marginal__int_log_gas_fraction
full_sample,9.0,9.8,9.4,0.8000000000000007,point_estimate,4247,True,0.06349075850560604,0.17596306654987573,0.16113955131337163,0.1477199157363703,0.15255819228593928,0.004838276549568976,0.17292429161219972,0.02520437587582941,0.13623404083415408,-0.011485874902216225,0.20471008741007674,0.05699017167370643,0.1474001832056926,-0.00031973253067771323,0.15421592645109458,0.006496010714724276,int_log_rstar,int_log_mstar,leave_one_out_drop_from_l3_plus_all_internal,4,-0.06847604657592266,3,single_feature_candidate_marginal,5,0.0507880420866052,0.004838276549568976,-0.00031973253067771323,0.012467529234441638,-6.228552882248106e-05,0.026396563458951777,0.02520437587582941
full_sample,9.0,9.9,9.45,0.9000000000000004,point_estimate,4598,True,0.06162268309305797,0.17110475986505996,0.1536801013040662,0.14700972290149705,0.14762924825046558,0.0006195253489685304,0.16633581410022752,0.019326091198730466,0.11949322785868692,-0.027516495042810132,0.2115247203816022,0.06451499748010514,0.14728906673366743,0.0002793438321703756,0.15053059015608417,0.0035208672545871122,int_metallicity,int_log_mstar,leave_one_out_drop_from_l3_plus_all_internal,6,-0.09203149252291527,3,single_feature_candidate_marginal,5,0.05824531262873589,0.0006195253489685304,0.0002793438321703756,0.010157232448770648,-0.00048021009498758205,0.03126596788570257,0.019326091198730466
full_sample,9.0,10.0,9.5,1.0,point_estimate,4916,True,0.06030703113492263,0.16858193426673285,0.14880248030505883,0.14487118342532662,0.14633547652162618,0.001464293096299557,0.16274862449937202,0.017877441074045403,0.07644402825929439,-0.06842715516603223,0.21276225887094213,0.06789107544561551,0.14497380392344542,0.00010262049811879392,0.14894352738375688,0.004072343958430258,int_metallicity,int_log_mstar,leave_one_out_drop_from_l3_plus_all_internal,6,-0.13631823061164774,3,single_feature_candidate_marginal,4,0.061710244943240206,0.001464293096299557,0.00010262049811879392,0.013111852659584089,-0.00018893219704901876,0.03497065518389708,0.017877441074045403
full_sample,9.0,10.1,9.55,1.0999999999999996,point_estimate,5267,True,0.059421978477352526,0.16909654361828277,0.14450653669015276,0.1475464603743875,0.15216975309726247,0.004623292722874955,0.18063130732505767,0.033084846950670155,0.15428860388792004,0.006742143513532528,0.22312204211589864,0.07557558174151113,0.14733277196904385,-0.00021368840534366496,0.1552311694811612,0.007684709106773685,int_metallicity,int_log_mstar,leave_one_out_drop_from_l3_plus_all_internal,4,-0.0688334382279786,3,single_feature_candidate_marginal,5,0.06888622905820643,0.004623292722874955,-0.00021368840534366496,0.01470400829497015,-0.0006911696403271161,0.04028515595561927,0.033084846950670155
full_sample,9.0,10.2,9.6,1.1999999999999993,point_estimate,5563,True,0.05902145006788082,0.17041695211932156,0.14192745147201863,0.1441344124187463,0.14702996180750422,0.002895549388757912,0.17149084946151674,0.027356437042770437,0.1544825201705788,0.010348107751832508,0.21914693199299123,0.07501251957424493,0.14353202224894554,-0.000602390169800765,0.15079513418407242,0.006660721765326116,int_metallicity,int_log_mstar,leave_one_out_drop_from_l3_plus_all_internal,4,-0.06466441182241242,3,single_feature_candidate_marginal,6,0.06901485551960798,0.002895549388757912,-0.000602390169800765,0.01460419635288876,-0.0003566433706899963,0.04148635112933774,0.027356437042770437
full_sample,9.0,10.3,9.65,1.3000000000000007,point_estimate,5809,True,0.05848677111425426,0.17406903483372935,0.14045192590518726,0.14703985517837542,0.14905519306414466,0.0020153378857692417,0.17095723368900193,0.023917378510626502,0.15206290411729784,0.005023048938922414,0.225265614165692,0.07822575898731657,0.1467119502895641,-0.00032790488881132007,0.15229066123646184,0.005250806058086421,int_metallicity,int_log_mstar,leave_one_out_drop_from_l3_plus_all_internal,6,-0.07320271004839415,3,single_feature_candidate_marginal,4,0.07236863471915544,0.0020153378857692417,-0.00032790488881132007,0.013317265181944787,-0.00014220138982704023,0.0458011633816848,0.023917378510626502
full_sample,9.0,10.4,9.7,1.4000000000000004,point_estimate,6054,True,0.05864716356852518,0.17838781009511737,0.14108062353864778,0.15461824785585304,0.1558901635351015,0.0012719156792484476,0.18375083717182789,0.029132589315974844,0.23876706709792753,0.08414881924207449,0.23879445538422778,0.08417620752837474,0.15421593900533992,-0.00040230885051312226,0.15630496101193206,0.0016867131560790172,int_log_mstar,int_log_mstar,leave_one_out_drop_from_l3_plus_all_internal,4,-2.7388286300250586e-05,3,single_feature_candidate_marginal,5,0.07512417998198104,0.0012719156792484476,-0.00040230885051312226,0.013013297964073245,-0.00027266069998760356,0.050223394481756944,0.029132589315974844
full_sample,9.0,10.5,9.75,1.5,point_estimate,6320,True,0.06038424341459162,0.18398745422958593,0.14456753943071687,0.1719207819795491,0.1783037735751732,0.00638299159562411,0.2191779579495418,0.04725717596999271,0.26355355376063816,0.09163277178108906,0.2584215722739199,0.08650079029437077,0.1736646535649454,0.001743871585396295,0.1787592355590917,0.006838453579542603,int_log_mstar,int_log_mstar,leave_one_out_drop_from_l3_plus_all_internal,2,0.0051319814867182845,3,single_feature_candidate_marginal,5,0.07200639400625919,0.00638299159562411,0.001743871585396295,0.013128297665999683,0.00037045978601529805,0.051963867706335654,0.04725717596999271
full_sample,9.1,9.8,9.45,0.7000000000000011,point_estimate,3580,True,0.06004164978883313,0.13458295225931735,0.12276194553203895,0.14459572552070182,0.14506614015697233,0.00047041463627051083,0.1598205099830796,0.015224784462377766,0.07199321039870439,-0.07260251512199743,0.20330001891363017,0.05870429339292835,0.14436582863535302,-0.00022989688534880148,0.14661178260319027,0.0020160570824884483,int_log_rstar,int_log_mstar,leave_one_out_drop_from_l3_plus_all_internal,4,-0.13130680851492577,3,single_feature_candidate_marginal,5,0.05481029739145335,0.00047041463627051083,-0.00022989688534880148,0.010734608699806553,0.0002435953202738761,0.02457604425294102,0.015224784462377766
full_sample,9.1,9.9,9.5,0.8000000000000007,point_estimate,3931,True,0.05811455301526939,0.13080495815738485,0.1168037321158113,0.14473798655262693,0.14864223412245375,0.003904247569826824,0.17497889645322343,0.030240909900596497,0.10613385084137401,-0.038604135711252915,0.21125852043856988,0.06652053388594295,0.1450714429389765,0.0003334563863495732,0.15159289323503408,0.0068549066824071525,int_metallicity,int_log_mstar,leave_one_out_drop_from_l3_plus_all_internal,4,-0.10512466959719587,2,single_feature_candidate_marginal,5,0.06098118526098256,0.003904247569826824,0.0003334563863495732,0.011754899207688158,-0.0005632256774910638,0.02843878533589278,0.030240909900596497
full_sample,9.1,10.0,9.55,0.9000000000000004,point_estimate,4249,True,0.05680370127787824,0.129215923487281,0.11324282942825555,0.1358468588902543,0.1313763938890024,-0.004470465001251894,0.151440290158407,0.015593431268152685,0.09206830665788228,-0.04377855223237202,0.20758250298451494,0.07173564409426064,0.13555107963996144,-0.0002957792502928658,0.13406402495711242,-0.0017828339331418808,int_metallicity,int_log_mstar,leave_one_out_drop_from_l3_plus_all_internal,6,-0.11551419632663266,3,single_feature_candidate_marginal,5,0.06748511691505457,-0.004470465001251894,-0.0002957792502928658,0.012620058093843423,-0.0009969537873790735,0.03361676270897787,0.015593431268152685
full_sample,9.1,10.1,9.6,1.0,point_estimate,4600,True,0.055992883127283934,0.13071385830567372,0.11031219427259437,0.1392123403279794,0.1445874091598292,0.005375068831849794,0.18026363339887935,0.04105129307089994,0.04131831775058803,-0.09789402257739138,0.22029028588486116,0.08107794555688175,0.13958316853013045,0.0003708282021510356,0.14830838525705095,0.00909604492907154,int_metallicity,int_log_mstar,leave_one_out_drop_from_l3_plus_all_internal,4,-0.17897196813427313,2,single_feature_candidate_marginal,5,0.0744954168619997,0.005375068831849794,0.0003708282021510356,0.014988878018921598,-0.00036721679769965987,0.039915701595633096,0.04105129307089994
full_sample,9.1,10.2,9.649999999999999,1.0999999999999996,point_estimate,4896,True,0.05568276544419824,0.13272036435481244,0.1087807562846286,0.13856574497729554,0.137190346842435,-0.0013753981348605393,0.15485557105155265,0.016289826074257108,0.10057452371968775,-0.03799122125760779,0.2201462000577254,0.08158045508042985,0.13930425711390526,0.0007385121366097203,0.14147478234347036,0.002909037366174816,int_metallicity,int_log_mstar,leave_one_out_drop_from_l3_plus_all_internal,6,-0.11957167633803764,3,single_feature_candidate_marginal,4,0.07645265018908595,-0.0013753981348605393,0.0007385121366097203,0.013233562431355511,-0.00020109993359943013,0.042513735312327244,0.016289826074257108
full_sample,9.1,10.3,9.7,1.200000000000001,point_estimate,5142,True,0.05516524350163595,0.13694587636581135,0.10814212176458265,0.13764378314446,0.1421048455979776,0.0044610624535176,0.18194099799590976,0.04429721485144977,0.20297173055761833,0.06532794741315834,0.2228715522905488,0.08522776914608882,0.13752116970935543,-0.00012261343510455713,0.14476935053849088,0.007125567394030891,int_log_mgas,int_log_mstar,leave_one_out_drop_from_l3_plus_all_internal,1,-0.01989982173293048,3,single_feature_candidate_marginal,6,0.0802348511510553,0.0044610624535176,-0.00012261343510455713,0.013360433660040583,-8.142217709034005e-06,0.04677398151752163,0.04429721485144977
full_sample,9.1,10.4,9.75,1.3000000000000007,point_estimate,5387,True,0.05538936151904535,0.14180866693340827,0.10964939695175271,0.15356861703057018,0.15109436332110818,-0.0024742537094619987,0.18320160306690894,0.029632986036338765,0.2365474630665306,0.08297884603596042,0.24296657710364541,0.08939796007307524,0.15347639319413015,-9.222383644003074e-05,0.15139281605461685,-0.0021758009759533237,int_metallicity,int_log_mstar,leave_one_out_drop_from_l3_plus_all_internal,6,-0.006419114037114815,3,single_feature_candidate_marginal,4,0.08120647575971376,-0.0024742537094619987,-9.222383644003074e-05,0.011807360945052053,-0.0001719047757710035,0.05144447749081216,0.029632986036338765
full_sample,9.1,10.5,9.8,1.4000000000000004,point_estimate,5653,True,0.05733302241017847,0.14801475125695682,0.11418005169320633,0.16886241992110146,0.17078171448532475,0.001919294564223295,0.19474415742995105,0.02588173750884959,0.25882348266425403,0.08996106274315258,0.26211752936906557,0.09325510944796411,0.17119109586338196,0.002328675942280506,0.1709413515753658,0.0020789316542643432,int_log_mstar,int_log_mstar,leave_one_out_drop_from_l3_plus_all_internal,6,-0.0032940467048115374,3,single_feature_candidate_marginal,5,0.07874604996295409,0.001919294564223295,0.002328675942280506,0.013472506323849831,0.00044591991629014394,0.05357985911276286,0.02588173750884959
full_sample,9.1,10.55,9.825,1.450000000000001,point_estimate,5801,True,0.058549502655436875,0.15120055568381838,0.11719472489259378,0.18415040089833296,0.18885061079039114,0.004700209892058188,0.22249567967907452,0.038345278780741565,0.2772683242188896,0.09311792332055663,0.2766921825717346,0.09254178167340166,0.18688020534816024,0.002729804449827289,0.18867826467115442,0.004527863772821467,int_log_mstar,int_log_mstar,leave_one_out_drop_from_l3_plus_all_internal,4,0.0005761416471549707,3,single_feature_candidate_marginal,6,0.07653477702510275,0.004700209892058188,0.002729804449827289,0.013200180681700452,0.00013673896226262805,0.05172020367587976,0.038345278780741565
full_sample,9.1,10.6,9.85,1.5,point_estimate,5934,True,0.05899273042365698,0.15520427696945693,0.12044723346011235,0.1907615065093786,0.1971065016026166,0.006344995093238021,0.2432685011921448,0.052506994682766206,0.29083913560810426,0.10007762909872567,0.2876659129960631,0.0969044064866845,0.19328872525860571,0.0025272187492271225,0.19729692415769912,0.006535417648320524,int_log_mgas,int_log_mstar,leave_one_out_drop_from_l3_plus_all_internal,1,0.003173222612041171,3,single_feature_candidate_marginal,6,0.08141078376410552,0.006344995093238021,0.0025272187492271225,0.011883546780930704,0.0004176418014307237,0.05506104563557382,0.052506994682766206
full_sample,9.2,9.8,9.5,0.6000000000000014,point_estimate,2979,True,0.05913083359031026,0.07503817748710842,0.06702666847758071,0.13378991156773634,-0.2424402033763437,-0.37623011494408004,0.010752303360108573,-0.12303760820762777,-0.25020383880252417,-0.3839937503702605,0.18496094581084596,0.05117103424310962,0.1325967544599256,-0.0011931571078107328,-0.24752372185419205,-0.38131363342192837,int_log_mstar,int_log_mstar,leave_one_out_drop_from_l3_plus_all_internal,6,-0.43516478461337016,6,single_feature_candidate_marginal,3,0.045990840351326,-0.37623011494408004,-0.0011931571078107328,0.010078960507429569,-0.0005921881509697025,0.018037194214173907,-0.12303760820762777
full_sample,9.2,9.9,9.55,0.7000000000000011,point_estimate,3330,True,0.056906184173619256,0.07505267803764971,0.06528039000058963,0.13280910112468988,-0.2174034554747216,-0.3502125565994115,0.04369625031327824,-0.08911285081141164,-0.1849570843516164,-0.3177661854763063,0.19151926887979362,0.05871016775510374,0.13273354374907834,-7.555737561154574e-05,-0.22403085375728748,-0.3568399548819774,int_log_mstar,int_log_mstar,leave_one_out_drop_from_l3_plus_all_internal,6,-0.37647635323141004,6,single_feature_candidate_marginal,4,0.05545475658572885,-0.3502125565994115,-7.555737561154574e-05,0.012701651716920448,0.00016923895277701217,0.02325227913374059,-0.08911285081141164
full_sample,9.2,10.0,9.6,0.8000000000000007,point_estimate,3648,True,0.05543696209816863,0.07637196536924103,0.06500847828651582,0.12621033661588582,-0.10575081290240891,-0.23196114951829472,0.09144020971070979,-0.03477012690517603,-0.05801093832782815,-0.184221274943714,0.1951960911147192,0.06898575449883337,0.12568851166452838,-0.0005218249513574413,-0.10934869465302999,-0.2355590312689158,int_log_mstar,int_log_mstar,leave_one_out_drop_from_l3_plus_all_internal,6,-0.25320702944254736,6,single_feature_candidate_marginal,3,0.06357908568677606,-0.23196114951829472,-0.0005218249513574413,0.015619138972288144,-0.00012056337319202304,0.03180428949064815,-0.03477012690517603
full_sample,9.2,10.1,9.649999999999999,0.9000000000000004,point_estimate,3999,True,0.05456292561070869,0.08062114769045017,0.06521291842800941,0.12931607372433465,-0.09438652464332342,-0.22370259836765807,0.10745703814250145,-0.021859035581833205,-0.017733623514379994,-0.14704969723871464,0.204423598858126,0.07510752513379135,0.12935423084722947,3.815712289481632e-05,-0.09592582324042047,-0.2252418969647551,int_log_mstar,int_log_mstar,leave_one_out_drop_from_l3_plus_all_internal,6,-0.22215722237250599,6,single_feature_candidate_marginal,4,0.07063530694858525,-0.22370259836765807,3.815712289481632e-05,0.015764222929741806,-0.0006521183103699868,0.03595423154650981,-0.021859035581833205
full_sample,9.2,10.2,9.7,1.0,point_estimate,4295,True,0.054248143044590566,0.08454164345981124,0.06596198578643316,0.12480755324517465,-0.07076958591396901,-0.19557713915914365,0.12205980190994499,-0.002747751335229656,0.026374350595516228,-0.09843320264965842,0.20251476686044353,0.07770721361526889,0.12438289561923872,-0.00042465762593592304,-0.07059940336847023,-0.19540695661364488,int_log_mstar,int_log_mstar,leave_one_out_drop_from_l3_plus_all_internal,6,-0.1761404162649273,6,single_feature_candidate_marginal,4,0.07434631542688125,-0.19557713915914365,-0.00042465762593592304,0.01605688080179532,-0.002196025822602518,0.039913904167242276,-0.002747751335229656
full_sample,9.2,10.3,9.75,1.1000000000000014,point_estimate,4541,True,0.053667768736202236,0.09021747967392747,0.0670463638146921,0.13031350330924982,-0.035332913198670955,-0.16564641650792078,0.14659465558738638,0.016281152278136563,0.09080364344323424,-0.03950985986601557,0.21403417633899685,0.08372067302974703,0.12962876853118668,-0.0006847347780631341,-0.036615989416315456,-0.1669294927255653,int_log_mstar,int_log_mstar,leave_one_out_drop_from_l3_plus_all_internal,6,-0.1232305328957626,4,single_feature_candidate_marginal,4,0.078728698249621,-0.16564641650792078,-0.0006847347780631341,0.017178882653658606,-0.0006775922481287999,0.04462367408945178,0.016281152278136563
full_sample,9.2,10.4,9.8,1.200000000000001,point_estimate,4786,True,0.053888663255487274,0.0964006367834462,0.07022171977876697,0.13995480583973077,0.0019303866310327767,-0.13802441920869798,0.14457189605154733,0.004617090211816555,0.0987266451468479,-0.041228160692882876,0.22834274298967464,0.08838793714994386,0.13971263432533065,-0.00024217151440011908,-0.03861409819896604,-0.1785689040386968,int_metallicity,int_log_mstar,leave_one_out_drop_from_l3_plus_all_internal,6,-0.12961609784282674,4,single_feature_candidate_marginal,5,0.08048583069705506,-0.13802441920869798,-0.00024217151440011908,0.014071181441215386,-2.3238146382303926e-05,0.049560864560538376,0.004617090211816555
full_sample,9.2,10.5,9.85,1.3000000000000007,point_estimate,5052,True,0.055987337706245366,0.10397132680049849,0.07656643315492248,0.16154100585383518,0.06698037768834113,-0.09456062816549406,0.17834332449102797,0.01680231863719278,0.1311829359219332,-0.030358069931901988,0.2548951360894723,0.0933541302356371,0.16462872873394907,0.0030877228801138856,0.004680582379851339,-0.15686042347398385,int_metallicity,int_log_mstar,leave_one_out_drop_from_l3_plus_all_internal,6,-0.12371220016753909,3,single_feature_candidate_marginal,5,0.07924379445004903,-0.09456062816549406,0.0030877228801138856,0.01437391611909175,0.000617288235974095,0.05031559533573232,0.01680231863719278
full_sample,9.2,10.55,9.875,1.3500000000000014,point_estimate,5200,True,0.05727339227271425,0.10780888566814728,0.08049730710666028,0.1753568641457904,0.11558217486361091,-0.059774689282179494,0.21525737759804925,0.03990051345225884,0.1842866309726383,0.008929766826847901,0.2690172360078429,0.09366037186205248,0.17886174280451345,0.0035048786587230374,0.06827610819919265,-0.10708075594659776,int_metallicity,int_log_mstar,leave_one_out_drop_from_l3_plus_all_internal,6,-0.08473060503520458,3,single_feature_candidate_marginal,5,0.07812215375785217,-0.059774689282179494,0.0035048786587230374,0.014206098644258786,0.0006577621840019032,0.05054582621148623,0.03990051345225884
full_sample,9.2,10.6,9.899999999999999,1.4000000000000004,point_estimate,5333,True,0.057709884720120806,0.11243270028221472,0.08458378934409737,0.1859592993373793,0.1542502777586046,-0.031709021578774726,0.2184102657781614,0.032450966440782075,0.21845391632299593,0.03249461698561662,0.28466520784957244,0.09870590851219313,0.18964800922734332,0.0036887098899640036,0.10350715488842399,-0.08245214444895532,int_log_mstar,int_log_mstar,leave_one_out_drop_from_l3_plus_all_internal,6,-0.06621129152657651,3,single_feature_candidate_marginal,5,0.0819323801196592,-0.031709021578774726,0.0036887098899640036,0.013221512961567677,0.0005807077632087043,0.05366168775775887,0.032450966440782075
full_sample,9.2,10.7,9.95,1.5,point_estimate,5521,True,0.05909171750153,0.11799337063814937,0.09083266236864321,0.19887826413880808,0.1741133599276408,-0.024764904211167282,0.23981043223748105,0.04093216809867298,0.2447740528620232,0.04589578872321512,0.29986300560829426,0.10098474146948619,0.20231362251068408,0.0034353583718760017,0.11972577086377083,-0.07915249327503725,int_log_mstar,int_log_mstar,leave_one_out_drop_from_l3_plus_all_internal,6,-0.05508895274627107,3,single_feature_candidate_marginal,5,0.0838475273464068,-0.024764904211167282,0.0034353583718760017,0.012126913617131252,0.00025156076654736514,0.052158363430385074,0.04093216809867298
full_sample,9.3,9.8,9.55,0.5,point_estimate,2390,True,0.0538136689908485,0.03430273208230641,0.029931174233656654,0.17764954853616666,0.2452022561811459,0.06755270764497925,0.2743706903922873,0.09672114185612063,0.28746104901803904,0.10981150048187238,0.22197299586959202,0.04432344733342536,0.17828027268893937,0.0006307241527727103,0.24513790901926008,0.06748836048309342,int_log_mgas,int_log_gas_fraction,leave_one_out_drop_from_l3_plus_all_internal,1,0.06548805314844702,1,single_feature_candidate_marginal,4,0.036100615235704625,0.06755270764497925,0.0006307241527727103,0.01598977211651681,7.873303826569367e-05,0.012465125410988792,0.09672114185612063
full_sample,9.3,9.9,9.600000000000001,0.5999999999999996,point_estimate,2741,True,0.05170537274416428,0.037664222580506085,0.03190592806831514,0.17340943646954757,0.2480205220594817,0.07461108558993412,0.28674116885521084,0.11333173238566327,0.2975300743678335,0.12412063789828595,0.22858305930843512,0.05517362283888755,0.173186326431127,-0.00022311003842057087,0.24964763860799027,0.0762382021384427,int_log_mgas,int_log_gas_fraction,leave_one_out_drop_from_l3_plus_all_internal,1,0.0689470150593984,1,single_feature_candidate_marginal,4,0.048650379105415864,0.07461108558993412,-0.00022311003842057087,0.01643836736513285,-0.00019651480781834874,0.019265717553359013,0.11333173238566327
full_sample,9.3,10.0,9.65,0.6999999999999993,point_estimate,3059,True,0.05040905876613676,0.04136853805182274,0.03436086060431754,0.1630571635514932,0.23872005514306913,0.07566289159157594,0.28371632187255413,0.12065915832106094,0.29361532470872437,0.13055816115723118,0.22718680851901193,0.06412964496751875,0.16199366089590414,-0.0010635026555890492,0.24019788791352342,0.07714072436203023,int_log_mgas,int_log_gas_fraction,leave_one_out_drop_from_l3_plus_all_internal,1,0.06642851618971243,1,single_feature_candidate_marginal,4,0.05898057349578015,0.07566289159157594,-0.0010635026555890492,0.01692440718448729,-0.000394973188881792,0.026624527395978953,0.12065915832106094
full_sample,9.3,10.1,9.7,0.7999999999999989,point_estimate,3410,True,0.04979811015805136,0.04773235660036437,0.03702945234545742,0.152338739900216,0.22836261222641036,0.07602387232619434,0.27960766371893475,0.12726892381871874,0.2888258204366262,0.13648708053641018,0.22693315687509436,0.07459441697487834,0.15195891952389845,-0.0003798203763175634,0.23079821647673948,0.07845947657652347,int_log_mgas,int_log_gas_fraction,leave_one_out_drop_from_l3_plus_all_internal,1,0.061892663561531835,1,single_feature_candidate_marginal,3,0.0682769620972597,0.07602387232619434,-0.0003798203763175634,0.02130166435918937,-0.001404164866161739,0.03516089878964357,0.12726892381871874
full_sample,9.3,10.2,9.75,0.8999999999999986,point_estimate,3706,True,0.049717150610376994,0.05299453284157065,0.039471032579906605,0.15106029684668837,0.22373488312533993,0.07267458627865156,0.2830237005886918,0.13196340374200344,0.28929146196429445,0.13823116511760608,0.23388843135150267,0.0828281345048143,0.15093193585223358,-0.00012836099445479032,0.2271851905038657,0.07612489365717734,int_log_mgas,int_log_gas_fraction,leave_one_out_drop_from_l3_plus_all_internal,1,0.05540303061279178,1,single_feature_candidate_marginal,3,0.07678461423230809,0.07267458627865156,-0.00012836099445479032,0.019757709258889006,-0.0003347795516536467,0.04037240588319599,0.13196340374200344
full_sample,9.3,10.3,9.8,1.0,point_estimate,3952,True,0.04921744271830847,0.05965753111437685,0.04180439611045464,0.14359561996830073,0.21406211271165923,0.0704664927433585,0.2756587192811494,0.13206309931284865,0.2811356038116412,0.13753998384334049,0.23075986081364386,0.08716424084534313,0.14328234183780406,-0.0003132781304966692,0.21730650828688086,0.07371088831858014,int_log_mgas,int_log_gas_fraction,leave_one_out_drop_from_l3_plus_all_internal,1,0.05037574299799735,1,single_feature_candidate_marginal,4,0.08037915577053872,0.0704664927433585,-0.0003132781304966692,0.019298460994429945,0.0001758692022664765,0.04651114902991513,0.13206309931284865
full_sample,9.3,10.4,9.850000000000001,1.0999999999999996,point_estimate,4197,True,0.0495602338540837,0.06671947477110128,0.04620461997703127,0.1536306711709389,0.22015687536719178,0.06652620419625288,0.2883351638195271,0.13470449264858822,0.29381569290262044,0.14018502173168154,0.2481610184547593,0.0945303472838204,0.15398821453293673,0.0003575433619978363,0.22751454570870724,0.07388387453776835,int_log_mgas,int_log_gas_fraction,leave_one_out_drop_from_l3_plus_all_internal,1,0.04565467444786114,1,single_feature_candidate_marginal,2,0.08421095975596618,0.06652620419625288,0.0003575433619978363,0.01583944540788776,0.0006234268050915315,0.051876285098611336,0.13470449264858822
full_sample,9.3,10.5,9.9,1.1999999999999993,point_estimate,4463,True,0.05195861540249134,0.07521317765565519,0.05392263545392656,0.17671662282589903,0.23325816254963438,0.05654153972373535,0.3094280116645436,0.13271138883864456,0.31314534832891394,0.1364287255030149,0.2765727446192335,0.09985612179333445,0.18080811485942086,0.004091492033521826,0.24272046542517023,0.0660038425992712,int_log_mgas,int_log_gas_fraction,leave_one_out_drop_from_l3_plus_all_internal,1,0.03657260370968046,1,single_feature_candidate_marginal,2,0.08312786301154981,0.05654153972373535,0.004091492033521826,0.016655184971696463,0.0015382632187877499,0.05445478693066863,0.13271138883864456
full_sample,9.3,10.55,9.925,1.25,point_estimate,4611,True,0.053376100139355925,0.07945363766261912,0.05851800276173989,0.1931399832566447,0.24627737668872837,0.05313739343208368,0.32281398358412006,0.12967400032747536,0.3265513760698819,0.1334113928132372,0.29373632455491616,0.10059634129827147,0.19805581134516664,0.004915828088521951,0.2558779805413532,0.0627379972847085,int_log_mgas,int_log_gas_fraction,leave_one_out_drop_from_l3_plus_all_internal,1,0.03281505151496572,1,single_feature_candidate_marginal,2,0.08147129699512204,0.05313739343208368,0.004915828088521951,0.01530765930529368,0.0013863099889774577,0.05364403010959362,0.12967400032747536
full_sample,9.3,10.6,9.95,1.299999999999999,point_estimate,4744,True,0.05384793209416179,0.08449233865317356,0.06322735965581672,0.19899446464904438,0.2444730204672622,0.0454785558182178,0.32787920604025633,0.12888474139121195,0.33416378828015497,0.1351693236311106,0.30540096296183233,0.10640649831278795,0.2036440812572991,0.00464961660825472,0.2551170243932154,0.05612255974417099,int_log_mgas,int_log_gas_fraction,leave_one_out_drop_from_l3_plus_all_internal,1,0.028762825318322638,1,single_feature_candidate_marginal,2,0.08616071555097646,0.0454785558182178,0.00464961660825472,0.014372773068910438,0.0015953194010479843,0.05636626702908101,0.12888474139121195
full_sample,9.3,10.7,10.0,1.3999999999999986,point_estimate,4932,True,0.05533990768262627,0.09048899018096941,0.07024108908387079,0.21118775201463658,0.24916805427649497,0.03798030226185839,0.33445745181852904,0.12326969980389246,0.34277083172400574,0.13158307970936917,0.3210660650647027,0.10987831305006612,0.21565499847768438,0.004467246463047803,0.2577392541726816,0.046551502158045044,int_log_mgas,int_log_gas_fraction,leave_one_out_drop_from_l3_plus_all_internal,1,0.021704766659303043,1,single_feature_candidate_marginal,2,0.09004407195305875,0.03798030226185839,0.004467246463047803,0.013153907056792674,0.0013621958117160382,0.056381638330693706,0.12326969980389246
full_sample,9.3,10.75,10.025,1.4499999999999993,point_estimate,5029,True,0.055529621792365653,0.09419083478528231,0.07417728097322586,0.2141386290521025,0.25011368524980193,0.03597505619769942,0.3353631051896838,0.1212244761375813,0.3450042167598399,0.13086558770773737,0.32544317225226244,0.11130454320015992,0.21886859584136956,0.004729966789267043,0.25740610581371476,0.043267476761612245,int_log_mgas,int_log_gas_fraction,leave_one_out_drop_from_l3_plus_all_internal,1,0.019561044507577452,1,single_feature_candidate_marginal,2,0.09074500176256906,0.03597505619769942,0.004729966789267043,0.013306951569821701,0.0011950094630456543,0.056059491628453695,0.1212244761375813
full_sample,9.3,10.8,10.05,1.5,point_estimate,5109,True,0.05641085931265055,0.09778890429541255,0.07654995886582953,0.22096782880493482,0.2557622633749935,0.03479443457005871,0.33958891819793974,0.11862108939300492,0.34739039357006585,0.12642256476513103,0.3309619570599067,0.1099941282549719,0.22761016073063134,0.006642331925696521,0.26056539679051605,0.03959756798558123,int_log_mgas,int_log_gas_fraction,leave_one_out_drop_from_l3_plus_all_internal,1,0.016428436510159128,1,single_feature_candidate_marginal,4,0.08985434796588454,0.03479443457005871,0.006642331925696521,0.015455816888690327,0.0009182552331321037,0.055439128778353775,0.11862108939300492
full_sample,9.4,9.8,9.600000000000001,0.40000000000000036,point_estimate,1860,True,0.052104573802009044,0.03238877010049871,0.029510627469839273,0.21779701642768373,0.27961236402108536,0.061815347593401626,0.2999938448864393,0.08219682845875559,0.30776210312302915,0.08996508669534542,0.24722444715273612,0.029427430725052384,0.21636163027469846,-0.001435386152985274,0.2763810319200874,0.05858401549240366,int_log_mgas,int_log_gas_fraction,leave_one_out_drop_from_l3_plus_all_internal,1,0.060537655970293036,1,single_feature_candidate_marginal,3,0.026340000195911845,0.061815347593401626,-0.001435386152985274,0.010005622566291172,-6.78301608019738e-05,0.0049940947466948216,0.08219682845875559
full_sample,9.4,9.9,9.65,0.5,point_estimate,2211,True,0.04969607500629277,0.03523962231546549,0.031284083707017796,0.20089443233040877,0.2701553051149002,0.06926087278449145,0.3012682333729666,0.10037380104255783,0.3113526308457358,0.11045819851532701,0.24818315327678303,0.04728872094637426,0.2005944362137888,-0.0002999961166199605,0.27010651154687204,0.06921207921646327,int_log_mgas,int_log_gas_fraction,leave_one_out_drop_from_l3_plus_all_internal,1,0.06316947756895275,1,single_feature_candidate_marginal,4,0.04185297028471727,0.06926087278449145,-0.0002999961166199605,0.012417659792303165,5.181325368924794e-05,0.012408970817523263,0.10037380104255783
full_sample,9.4,10.0,9.7,0.5999999999999996,point_estimate,2529,True,0.04831342801110647,0.03848730275648285,0.03355528886666496,0.18017718234527502,0.2528192874172645,0.07264210507198948,0.29776211912874484,0.11758493678346982,0.30400495603482014,0.12382777368954512,0.24336815304604045,0.06319097070076543,0.17957882929448515,-0.0005983530507898682,0.2537436988592524,0.07356651651397739,int_log_mgas,int_log_gas_fraction,leave_one_out_drop_from_l3_plus_all_internal,1,0.06063680298877969,1,single_feature_candidate_marginal,3,0.05881936010463307,0.07264210507198948,-0.0005983530507898682,0.01593080223322596,-0.0004788312183910959,0.02112342240785095,0.11758493678346982
full_sample,9.4,10.1,9.75,0.6999999999999993,point_estimate,2880,True,0.04776063794769452,0.04437508359088531,0.03602491910848811,0.1734736516051343,0.24520044279938888,0.07172679119425457,0.29865204410850454,0.12517839250337023,0.30607096104927123,0.13259730944413692,0.2505249312555929,0.07705127965045858,0.1730519523614245,-0.00042169924370979994,0.24734203823989942,0.07386838663476511,int_log_mgas,int_log_gas_fraction,leave_one_out_drop_from_l3_plus_all_internal,1,0.05554602979367834,1,single_feature_candidate_marginal,3,0.07200565901939543,0.07172679119425457,-0.00042169924370979994,0.016929869164453965,-0.0004203633350705893,0.03202936432350706,0.12517839250337023
full_sample,9.4,10.2,9.8,0.7999999999999989,point_estimate,3176,True,0.0477746264878353,0.04910499440627563,0.03823647733992527,0.15956537989142547,0.2275488790626426,0.06798349917121713,0.2879550419101105,0.12838966201868504,0.29218357897066466,0.1326181990792392,0.24368868180757133,0.08412330191614587,0.1591617270293003,-0.00040365286212518114,0.23017828952662223,0.07061290963519676,int_log_mgas,int_log_gas_fraction,leave_one_out_drop_from_l3_plus_all_internal,1,0.048494897163093326,1,single_feature_candidate_marginal,5,0.07905264211315255,0.06798349917121713,-0.00040365286212518114,0.01734523442846231,0.00014482086458758592,0.03864076903983557,0.12838966201868504
full_sample,9.4,10.3,9.850000000000001,0.9000000000000004,point_estimate,3422,True,0.04723559911660007,0.05540324049602729,0.04042334078372026,0.15307676714236915,0.2192463621019157,0.06616959495954655,0.2839649883325742,0.13088822119020507,0.2863442474635807,0.13326748032121158,0.24450392904254598,0.09142716190017683,0.15278660285081977,-0.0002901642915493774,0.22204023425076597,0.06896346710839682,int_log_mgas,int_log_gas_fraction,leave_one_out_drop_from_l3_plus_all_internal,1,0.04184031842103475,1,single_feature_candidate_marginal,3,0.08603906314272661,0.06616959495954655,-0.0002901642915493774,0.01700830421831584,0.0008079382638907784,0.04556113129767059,0.13088822119020507
full_sample,9.4,10.4,9.9,1.0,point_estimate,3667,True,0.04760465677802213,0.06214392605364904,0.04480570497974595,0.1616284566868625,0.22569666654136836,0.06406820985450587,0.3021428682295856,0.1405144115427231,0.3040529035382634,0.14242444685140093,0.26742782340076293,0.10579936671390044,0.16204231154712723,0.0004138548602647396,0.23270762860727795,0.07107917192041546,int_log_mgas,int_log_gas_fraction,leave_one_out_drop_from_l3_plus_all_internal,1,0.03662508013750049,1,single_feature_candidate_marginal,2,0.09722773776807803,0.06406820985450587,0.0004138548602647396,0.0172452481021671,0.0009145752989882516,0.05609709076812938,0.1405144115427231
full_sample,9.4,10.5,9.95,1.0999999999999996,point_estimate,3933,True,0.050235393911427714,0.07040833445612102,0.05269361090895831,0.18290909817013137,0.2378782939022023,0.05496919573207093,0.3192608667779958,0.13635176860786444,0.32152191191656304,0.13861281374643167,0.2922538762161778,0.10934477804604645,0.18825004106315862,0.005340942893027251,0.24728504002511847,0.0643759418549871,int_log_mgas,int_log_gas_fraction,leave_one_out_drop_from_l3_plus_all_internal,1,0.02926803570038522,1,single_feature_candidate_marginal,2,0.09192386008383843,0.05496919573207093,0.005340942893027251,0.018904091584823896,0.0019079651725687485,0.056723285546291025,0.13635176860786444
full_sample,9.4,10.55,9.975000000000001,1.1500000000000004,point_estimate,4081,True,0.05174238124076803,0.0744538939790057,0.05732183205795938,0.19332269739864835,0.24366584934461769,0.05034315194596933,0.3249932791441245,0.13167058174547616,0.32866037497725087,0.13533767757860252,0.3032843467104101,0.10996164931176175,0.19854071579309762,0.00521801839444927,0.2520977908027483,0.05877509340409995,int_log_mgas,int_log_gas_fraction,leave_one_out_drop_from_l3_plus_all_internal,1,0.025376028266840767,1,single_feature_candidate_marginal,2,0.0903409919736333,0.05034315194596933,0.00521801839444927,0.016293308937690237,0.0010350135870163257,0.05387574711784501,0.13167058174547616
full_sample,9.4,10.6,10.0,1.1999999999999993,point_estimate,4214,True,0.052201334124653845,0.07941090104864926,0.06212536577793208,0.19845693200377335,0.24050742182901336,0.04205048982524001,0.3317832406617584,0.13332630865798506,0.3397237473227254,0.14126681531895208,0.31811389786883,0.11965696586505664,0.20350957597640845,0.005052643972635107,0.24942660000278058,0.050969667999007234,int_log_mgas,int_log_gas_fraction,leave_one_out_drop_from_l3_plus_all_internal,1,0.021609849453895436,1,single_feature_candidate_marginal,2,0.09891855600136035,0.04205048982524001,0.005052643972635107,0.014787416362918415,0.002318892801547734,0.05961047777647838,0.13332630865798506
full_sample,9.4,10.7,10.05,1.299999999999999,point_estimate,4402,True,0.05374647798470863,0.08516903174140941,0.06917819178492461,0.21041907745779845,0.24699657278740253,0.03657749532960408,0.3389507674465845,0.12853168998878603,0.349932892422789,0.13951381496499057,0.3339629263225444,0.12354384886474593,0.2159778198675592,0.0055587424097607585,0.254089930737547,0.04367085327974854,int_log_mgas,int_log_gas_fraction,leave_one_out_drop_from_l3_plus_all_internal,1,0.015969966100244648,1,single_feature_candidate_marginal,2,0.10291883861405884,0.03657749532960408,0.0055587424097607585,0.014342474381228237,0.0014177798981926948,0.059876980737984614,0.12853168998878603
full_sample,9.4,10.75,10.075,1.3499999999999996,point_estimate,4499,True,0.05390453070778267,0.08876573056591133,0.07314207561095092,0.21727086977657165,0.2511772638678685,0.03390639409129684,0.3409469960520666,0.12367612627549493,0.3538450289474745,0.13657415917090285,0.33964151570912193,0.12237064593255029,0.2221285163082638,0.004857646531692156,0.25757751382661775,0.04030664405004611,int_log_mgas,int_log_gas_fraction,leave_one_out_drop_from_l3_plus_all_internal,1,0.01420351323835256,1,single_feature_candidate_marginal,2,0.10243099049366114,0.03390639409129684,0.004857646531692156,0.01347310036897928,0.0012641528653244138,0.05774698818533555,0.12367612627549493
full_sample,9.4,10.8,10.100000000000001,1.4000000000000004,point_estimate,4579,True,0.054839016051176526,0.09224916235557865,0.07546307481099183,0.21900247794467562,0.2513075135369519,0.03230503559227629,0.34148794865414905,0.12248547070947344,0.3559442427418535,0.13694176479717787,0.34555246216994046,0.12654998422526484,0.22567250877094155,0.006670030826265938,0.2550588947052082,0.03605641676053259,int_log_mgas,int_log_gas_fraction,leave_one_out_drop_from_l3_plus_all_internal,1,0.010391780571913034,1,single_feature_candidate_marginal,5,0.10508387025796875,0.03230503559227629,0.006670030826265938,0.016108960694532437,0.0009437588332575353,0.05929516386904357,0.12248547070947344
full_sample,9.4,10.9,10.15,1.5,point_estimate,4692,True,0.05544277118107244,0.09813855790714679,0.07900197473019484,0.21776194121521622,0.25046399763854765,0.03270205642333143,0.3414257453598755,0.1236638041446593,0.35530165647391454,0.13753971525869832,0.3436690553710806,0.1259071141558644,0.22442923969844486,0.00666729848322864,0.25447413958967946,0.03671219837446324,int_log_mgas,int_log_gas_fraction,leave_one_out_drop_from_l3_plus_all_internal,1,0.011632601102833928,1,single_feature_candidate_marginal,3,0.10668889038130044,0.03270205642333143,0.00666729848322864,0.015503100961779565,0.00011335364023226657,0.05625722317952783,0.1236638041446593
full_sample,9.5,9.9,9.7,0.40000000000000036,point_estimate,1703,True,0.04968158304923947,0.03265962834638085,0.03128800904602481,0.20389549126693823,0.27276862526200407,0.06887313399506584,0.2987567903191918,0.09486129905225354,0.30579216263015907,0.10189667136322084,0.2438869350084382,0.03999144374149996,0.2036849089022054,-0.00021058236473284198,0.27319744315523753,0.0693019518882993,int_log_mgas,int_log_gas_fraction,leave_one_out_drop_from_l3_plus_all_internal,1,0.061905227621720876,1,single_feature_candidate_marginal,4,0.0358742895337916,0.06887313399506584,-0.00021058236473284198,0.009053150508077923,-0.00037252779790494794,0.0072743045715239485,0.09486129905225354
full_sample,9.5,10.0,9.75,0.5,point_estimate,2021,True,0.047946834421503104,0.03547552772472877,0.033368997300237305,0.18553987746938577,0.26081196528711886,0.07527208781773309,0.2962945269938696,0.11075464952448383,0.30292144387530534,0.11738156640591957,0.2384593187563377,0.05291944128695192,0.18492871367570257,-0.0006111637936832004,0.2626137680154423,0.07707389054605651,int_log_mgas,int_log_gas_fraction,leave_one_out_drop_from_l3_plus_all_internal,1,0.06446212511896765,1,single_feature_candidate_marginal,3,0.052356871715187436,0.07527208781773309,-0.0006111637936832004,0.010981359531206353,-0.0015587924363344718,0.017222094393899323,0.11075464952448383
full_sample,9.5,10.1,9.8,0.5999999999999996,point_estimate,2372,True,0.04730597282033002,0.0408921650135212,0.03563432317676848,0.17023407052809691,0.24537940220281262,0.07514533167471571,0.2931005080967131,0.1228664375686162,0.2968822347621064,0.12664816423400949,0.24128699145265445,0.07105292092455753,0.16826179530068425,-0.0019722752274126676,0.2468567622978321,0.07662269176973519,int_log_mgas,int_log_gas_fraction,leave_one_out_drop_from_l3_plus_all_internal,1,0.05559524330945195,1,single_feature_candidate_marginal,3,0.06905497690693102,0.07514533167471571,-0.0019722752274126676,0.012615287918667784,-0.0007238967588423795,0.028843907065500246,0.1228664375686162
full_sample,9.5,10.2,9.85,0.6999999999999993,point_estimate,2668,True,0.047339398319446634,0.04505300386332351,0.03759352031081766,0.16360258442919112,0.2356511891325094,0.07204860470331828,0.2952273174125243,0.13162473298333316,0.2930811285976297,0.12947854416843857,0.24524710623317364,0.08164452180398252,0.1618294599173537,-0.0017731245118374206,0.23657031086460853,0.07296772643541741,int_log_mgas,int_log_gas_fraction,leave_one_out_drop_from_l3_plus_all_internal,1,0.04783402236445605,1,single_feature_candidate_marginal,3,0.08100856072963233,0.07204860470331828,-0.0017731245118374206,0.011807949970736559,0.00023129028333079837,0.0383919314514565,0.13162473298333316
full_sample,9.5,10.3,9.9,0.8000000000000007,point_estimate,2914,True,0.04668983689942556,0.05096658046777105,0.03963305374447375,0.14916060575020654,0.2163962353129183,0.06723562956271176,0.28333236756484104,0.1341717618146345,0.2849784947608933,0.13581788901068678,0.24426729282053547,0.09510668707032893,0.1488032799508196,-0.0003573257993869372,0.2203369333101807,0.07117632755997416,int_log_mgas,int_log_gas_fraction,leave_one_out_drop_from_l3_plus_all_internal,1,0.04071120194035785,1,single_feature_candidate_marginal,2,0.09097527446151882,0.06723562956271176,-0.0003573257993869372,0.015433997794569387,0.0006048890279816421,0.046672835939641166,0.1341717618146345
full_sample,9.5,10.4,9.95,0.9000000000000004,point_estimate,3159,True,0.04706186436686677,0.05738806660333229,0.04403204535479308,0.15697583301106352,0.2196064878139305,0.06263065480286698,0.29833113395702765,0.14135530094596413,0.29856026347662545,0.14158443046556193,0.2651818935738343,0.1082060605627708,0.15717493335619534,0.00019910034513181962,0.228778610973756,0.0718027779626925,int_log_mgas,int_log_gas_fraction,leave_one_out_drop_from_l3_plus_all_internal,1,0.03337836990279114,1,single_feature_candidate_marginal,2,0.10036456361235666,0.06263065480286698,0.00019910034513181962,0.014092983415855687,0.00047300324702470586,0.055562808602123565,0.14135530094596413
full_sample,9.5,10.5,10.0,1.0,point_estimate,3425,True,0.04996144570035868,0.06546512332557944,0.05216507621000056,0.1849471867271941,0.2385798707806189,0.053632684053424806,0.31846642222449206,0.13351923549729797,0.3204083520488021,0.13546116532160798,0.29502774599605636,0.11008055926886226,0.19014206767565361,0.005194880948459518,0.24859276962524693,0.06364558289805283,int_log_mgas,int_log_gas_fraction,leave_one_out_drop_from_l3_plus_all_internal,1,0.025380606052745724,1,single_feature_candidate_marginal,3,0.09322828374907235,0.053632684053424806,0.005194880948459518,0.016956259021177256,0.0030398721426974085,0.05444248997260018,0.13351923549729797
full_sample,9.5,10.55,10.025,1.0500000000000007,point_estimate,3573,True,0.05156843484817967,0.0693241330355615,0.056845362598404434,0.19737652883329035,0.24808763413134888,0.05071110529805853,0.3298997812678229,0.13252325243453253,0.3328496525330701,0.13547312369977974,0.31014457299315185,0.1127680441598615,0.20339230109320822,0.006015772259917868,0.25655847874175225,0.0591819499084619,int_log_mgas,int_log_gas_fraction,leave_one_out_drop_from_l3_plus_all_internal,1,0.022705079539918238,1,single_feature_candidate_marginal,2,0.09419122876061312,0.05071110529805853,0.006015772259917868,0.01621456516904682,0.002818795445123229,0.05350877216216046,0.13252325243453253
full_sample,9.5,10.6,10.05,1.0999999999999996,point_estimate,3706,True,0.05199454575198259,0.07422448794304565,0.0617729644664237,0.1973745247267049,0.24002430444292333,0.042649779716218444,0.33113159648097373,0.13375707175426885,0.33963026686062725,0.14225574213392236,0.3203549997874241,0.12298047506071921,0.20308653859581183,0.005712013869106941,0.2498081281684736,0.0524336034417687,int_log_mgas,int_log_gas_fraction,leave_one_out_drop_from_l3_plus_all_internal,1,0.01927526707320315,1,single_feature_candidate_marginal,2,0.1036252312908684,0.042649779716218444,0.005712013869106941,0.015570075709688852,0.003319996769146072,0.05938945006649102,0.13375707175426885
full_sample,9.5,10.7,10.1,1.1999999999999993,point_estimate,3894,True,0.053583570560990376,0.07975494250122982,0.06887893745104284,0.21307436970452218,0.24730085499266755,0.03422648528814537,0.339432919622987,0.12635854991846482,0.35245173080724107,0.1393773611027189,0.3395545387344091,0.12648016902988693,0.2184423304298055,0.005367960725283311,0.25401521620699735,0.040940846502475176,int_log_mgas,int_log_gas_fraction,leave_one_out_drop_from_l3_plus_all_internal,1,0.012897192072831964,1,single_feature_candidate_marginal,3,0.10766421727535994,0.03422648528814537,0.005367960725283311,0.014038406870505032,0.002165713808870706,0.0596243057646724,0.12635854991846482
full_sample,9.5,10.75,10.125,1.25,point_estimate,3991,True,0.053689467088206634,0.08325252379242264,0.07287757126233302,0.2138134840792107,0.24752120501171757,0.033707720932506874,0.33923846030125343,0.12542497622204274,0.3563647318590486,0.1425512477798379,0.34451261750267226,0.13069913342346157,0.2193565268726624,0.005543042793451719,0.25422521731095327,0.040411733231742575,int_log_mgas,int_log_gas_fraction,leave_one_out_drop_from_l3_plus_all_internal,1,0.011852114356376342,1,single_feature_candidate_marginal,3,0.11128104871012473,0.033707720932506874,0.005543042793451719,0.013914102646106374,0.002267909090266418,0.06057438598442938,0.12542497622204274
full_sample,9.5,10.8,10.15,1.3000000000000007,point_estimate,4071,True,0.054677464888950374,0.08661401401619269,0.07513826610191938,0.22181017591625327,0.2538663060732067,0.03205613015695344,0.3427692893892124,0.12095911347295915,0.36001339218744777,0.1382032162711945,0.3504846855607403,0.12867450964448704,0.22871034209845903,0.006900166182205764,0.25797568891590755,0.03616551299965429,int_log_mgas,int_log_gas_fraction,leave_one_out_drop_from_l3_plus_all_internal,1,0.009528706626707462,1,single_feature_candidate_marginal,4,0.10955965392016889,0.03205613015695344,0.006900166182205764,0.01587309493412245,0.0018062632515746524,0.05841970490290485,0.12095911347295915
full_sample,9.5,10.9,10.2,1.4000000000000004,point_estimate,4184,True,0.05527012259996914,0.09235277957809938,0.07860224293980425,0.2250578024080875,0.25558231846271084,0.030524516054623335,0.34353293728397305,0.11847513487588554,0.36062974665083425,0.13557194424274674,0.3518394793086115,0.12678167690052397,0.23165134187673825,0.006593539468650739,0.2584626196132881,0.03340481720520058,int_log_mgas,int_log_gas_fraction,leave_one_out_drop_from_l3_plus_all_internal,1,0.008790267342222768,1,single_feature_candidate_marginal,4,0.11028841264660885,0.030524516054623335,0.006593539468650739,0.014671220800679702,0.0004012852724750715,0.05752865362269241,0.11847513487588554
full_sample,9.5,11.0,10.25,1.5,point_estimate,4260,True,0.05603623936708368,0.0984768293616839,0.08002201946880268,0.2268949373668047,0.25649833670161304,0.02960339933480835,0.3432163662934326,0.11632142892662792,0.3581968099256991,0.1313018725588944,0.3484927995589442,0.1215978621921395,0.23285220237038412,0.005957265003579432,0.26066845242915593,0.03377351506235124,int_log_mgas,int_log_gas_fraction,leave_one_out_drop_from_l3_plus_all_internal,1,0.00970401036675489,1,single_feature_candidate_marginal,3,0.10554473974941633,0.02960339933480835,0.005957265003579432,0.013430165506190306,0.0008479100198089673,0.050713926282112104,0.11632142892662792
full_sample,9.55,10.0,9.775,0.4499999999999993,point_estimate,1784,True,0.04890737960393353,0.034349166555222285,0.033202175999315686,0.16929123602551727,0.24458344365255277,0.0752922076270355,0.2817088243965202,0.11241758837100291,0.285305883100331,0.11601464707481374,0.22241745956344205,0.05312622353792479,0.16843118065184595,-0.0008600553736713146,0.2458967315402762,0.07660549551475893,int_log_mgas,int_log_gas_fraction,leave_one_out_drop_from_l3_plus_all_internal,1,0.06288842353688895,1,single_feature_candidate_marginal,3,0.05211536899503527,0.0752922076270355,-0.0008600553736713146,0.009873004642578564,-0.0030617157862728728,0.01565403453431899,0.11241758837100291
full_sample,9.55,10.1,9.825,0.5499999999999989,point_estimate,2135,True,0.04801378613693824,0.03957342374688157,0.03536937570497635,0.15425609747957889,0.22477246941547638,0.07051637193589749,0.2773732406027158,0.1231171431231369,0.28093974180069203,0.12668364432111315,0.22652440877202648,0.0722683112924476,0.1538509217906248,-0.00040517568895409584,0.22678974011660466,0.07253364263702577,int_log_mgas,int_log_gas_fraction,leave_one_out_drop_from_l3_plus_all_internal,1,0.05441533302866555,1,single_feature_candidate_marginal,3,0.06911096697932137,0.07051637193589749,-0.00040517568895409584,0.012877582926454634,-0.0007336960422234251,0.026087494519839022,0.1231171431231369
full_sample,9.55,10.2,9.875,0.6499999999999986,point_estimate,2431,True,0.04793686344537814,0.04346013045632057,0.037194789488502376,0.148756010274583,0.21931808763885569,0.0705620773642727,0.27993812802826873,0.13118211775368574,0.280658360835504,0.131902350560921,0.23323608279773594,0.08448007252315295,0.14861561766954903,-0.00014039260503395656,0.22324732819651327,0.07449131792193028,int_log_mgas,int_log_gas_fraction,leave_one_out_drop_from_l3_plus_all_internal,1,0.04742227803776805,1,single_feature_candidate_marginal,4,0.08186929913490762,0.0705620773642727,-0.00014039260503395656,0.013502313602019062,0.0009361310669864509,0.03836536099442006,0.13118211775368574
full_sample,9.55,10.3,9.925,0.75,point_estimate,2677,True,0.047135194201358324,0.04919856572854626,0.039164136960567295,0.13997261133783595,0.20502982678052356,0.06505721544268761,0.2748016063607004,0.13482899502286444,0.27214435363553213,0.13217174229769618,0.23350165716641627,0.09352904582858032,0.13883297008436454,-0.0011396412534714073,0.20721042006857093,0.06723780873073498,int_log_mgas,int_log_gas_fraction,leave_one_out_drop_from_l3_plus_all_internal,1,0.03864269646911586,1,single_feature_candidate_marginal,3,0.09277710550866591,0.06505721544268761,-0.0011396412534714073,0.01362279514326703,-0.0010978862111917786,0.04617970281624903,0.13482899502286444
full_sample,9.55,10.4,9.975000000000001,0.8499999999999996,point_estimate,2922,True,0.04743111965054433,0.055481870475209735,0.04358217767493745,0.14877768629960583,0.2118975263605905,0.06311984006098467,0.29136706586383515,0.14258937956422932,0.29117081759078506,0.14239313129117923,0.25942883677566264,0.11065115047605681,0.14935779918830389,0.0005801128886980533,0.22027255767742773,0.0714948713778219,int_log_mgas,int_log_gas_fraction,leave_one_out_drop_from_l3_plus_all_internal,1,0.03174198081512242,1,single_feature_candidate_marginal,2,0.10291618654486293,0.06311984006098467,0.0005801128886980533,0.013856297057671801,0.001311243375273996,0.05607773550918585,0.14258937956422932
full_sample,9.55,10.5,10.025,0.9499999999999993,point_estimate,3188,True,0.050407369547025606,0.06349909428161125,0.05185761169624785,0.17651268296910158,0.22965829646229582,0.053145613493194244,0.31266464459099785,0.13615196162189627,0.3177636648377502,0.14125098186864862,0.291876000176713,0.11536331720761142,0.1812353080293119,0.004722625060210317,0.24002734737184123,0.06351466440273965,int_log_mgas,int_log_gas_fraction,leave_one_out_drop_from_l3_plus_all_internal,1,0.025887664661037202,1,single_feature_candidate_marginal,2,0.09759889334571223,0.053145613493194244,0.004722625060210317,0.017641560456679167,0.003924502620968301,0.056129692561604744,0.13615196162189627
full_sample,9.55,10.55,10.05,1.0,point_estimate,3336,True,0.052028296410966075,0.0672761857660898,0.056564164484788536,0.19020993322017304,0.23981730528844425,0.049607372068271205,0.32655850173158424,0.1363485685114112,0.32976674723793986,0.13955681401776682,0.30925775766431085,0.1190478244441378,0.19635932103033124,0.006149387810158197,0.2488889312024399,0.05867899798226686,int_log_mgas,int_log_gas_fraction,leave_one_out_drop_from_l3_plus_all_internal,1,0.02050898957362901,1,single_feature_candidate_marginal,3,0.09915680876867011,0.049607372068271205,0.006149387810158197,0.016559599505027695,0.0034940605130586444,0.056139454613829215,0.1363485685114112
full_sample,9.55,10.6,10.075,1.049999999999999,point_estimate,3469,True,0.052402249468402315,0.07216511411487939,0.06155964122502987,0.20132828699926156,0.24240561106269637,0.04107732406343481,0.33343248183113205,0.1321041948318705,0.3435197028695595,0.14219141587029796,0.3265389213542397,0.12521063435497812,0.20723385477033052,0.005905567771068959,0.25112634935214656,0.049798062352885,int_log_mgas,int_log_gas_fraction,leave_one_out_drop_from_l3_plus_all_internal,1,0.016980781515319843,1,single_feature_candidate_marginal,2,0.10568482312818592,0.04107732406343481,0.005905567771068959,0.015539325560892658,0.0038882553247220897,0.059397181254390946,0.1321041948318705
full_sample,9.55,10.7,10.125,1.1499999999999986,point_estimate,3657,True,0.053970424684976,0.07759506204529434,0.06868724403390025,0.207619389027821,0.24223401113017068,0.03461462210234967,0.33605362613931755,0.12843423711149654,0.35178355921771914,0.14416417018989813,0.34055334299428,0.13293395396645896,0.21322588085931202,0.005606491831491006,0.24863202836824666,0.04101263934042565,int_log_mgas,int_log_gas_fraction,leave_one_out_drop_from_l3_plus_all_internal,1,0.011230216223439171,1,single_feature_candidate_marginal,3,0.11458886320172851,0.03461462210234967,0.005606491831491006,0.014619128155256567,0.0030727027491506687,0.0608355682168491,0.12843423711149654
full_sample,9.55,10.75,10.15,1.1999999999999993,point_estimate,3754,True,0.05402723124126286,0.08105050632244644,0.07270065264191884,0.21338486417779906,0.24605395813158482,0.032669093953785755,0.3378660388067562,0.12448117462895714,0.3559233013202618,0.14253843714246273,0.34521667684416374,0.13183181266636468,0.21881614562376486,0.005431281445965802,0.25199513472589824,0.03861027054809918,int_log_mgas,int_log_gas_fraction,leave_one_out_drop_from_l3_plus_all_internal,1,0.010706624476098048,1,single_feature_candidate_marginal,3,0.11366413187306568,0.032669093953785755,0.005431281445965802,0.013563867239976324,0.0020101941795435396,0.060049553744125905,0.12448117462895714
full_sample,9.55,10.8,10.175,1.25,point_estimate,3834,True,0.055029066006653624,0.08435401042403493,0.07492565893900167,0.21470910484030786,0.2456600912156542,0.03095098637534635,0.3356055145184511,0.12089640967814325,0.3563030184327722,0.14159391359246432,0.34853590913586163,0.13382680429555377,0.22130943735731093,0.006600332517003066,0.24890199987121484,0.03419289503090697,int_log_mgas,int_log_gas_fraction,leave_one_out_drop_from_l3_plus_all_internal,1,0.007767109296910546,1,single_feature_candidate_marginal,5,0.11399747467175897,0.03095098637534635,0.006600332517003066,0.015509935665285801,0.0018560006527029438,0.06071426524760759,0.12089640967814325
full_sample,9.55,10.9,10.225000000000001,1.3499999999999996,point_estimate,3947,True,0.05559488873781914,0.09002220688590441,0.07834494459239391,0.22030824882834218,0.24911477208179886,0.028806523253456673,0.33855180276947716,0.11824355394113498,0.35964939106760535,0.13934114223926317,0.3517335052250399,0.1314252563966977,0.22674831135470783,0.006440062526365642,0.2524294161772923,0.032121167348950125,int_log_mstar,int_log_gas_fraction,leave_one_out_drop_from_l3_plus_all_internal,2,0.007915885842565473,1,single_feature_candidate_marginal,4,0.11458974552240128,0.028806523253456673,0.006440062526365642,0.014690341432781778,0.0008303378011537965,0.05751682987802234,0.11824355394113498
full_sample,9.55,11.0,10.275,1.4499999999999993,point_estimate,4023,True,0.05636367488103348,0.09613204091303938,0.07971187091804534,0.21622291616409722,0.24484990399589215,0.02862698783179493,0.3341526832396905,0.11792976707559327,0.35440226063438196,0.13817934447028474,0.34627934760768575,0.13005643144358853,0.2231033094838571,0.00688039331975987,0.24800093030834303,0.0317780141442458,int_log_mstar,int_log_gas_fraction,leave_one_out_drop_from_l3_plus_all_internal,2,0.00812291302669621,1,single_feature_candidate_marginal,4,0.11390543981558915,0.02862698783179493,0.00688039331975987,0.014943604333822774,0.0014040952028747666,0.05353535648658403,0.11792976707559327
full_sample,9.6,10.0,9.8,0.40000000000000036,point_estimate,1555,True,0.04706375912779708,0.03412024352850017,0.033302768527197234,0.18303999473699126,0.2624831485114433,0.07944315377445202,0.2861695007675492,0.10312950603055795,0.29117775786979405,0.1081377631328028,0.2268251624201251,0.04378516768313384,0.18253070878941027,-0.0005092859475809841,0.2618044891200908,0.07876449438309954,int_log_mgas,int_log_gas_fraction,leave_one_out_drop_from_l3_plus_all_internal,1,0.06435259544966895,1,single_feature_candidate_marginal,4,0.03766784984380869,0.07944315377445202,-0.0005092859475809841,0.01229604351508004,-0.0009052622304450975,0.013779671120562303,0.10312950603055795
full_sample,9.6,10.1,9.85,0.5,point_estimate,1906,True,0.04633144693714681,0.03910403681264179,0.0353031550116808,0.162938297853616,0.24612131383731722,0.08318301598370123,0.291921653003182,0.12898335514956602,0.2948035832920482,0.1318652854384322,0.23387808809465663,0.07093979024104063,0.16262800601505845,-0.00031029183855754705,0.24721675858674033,0.08427846073312434,int_log_mgas,int_log_gas_fraction,leave_one_out_drop_from_l3_plus_all_internal,1,0.06092549519739157,1,single_feature_candidate_marginal,3,0.06934323489596983,0.08318301598370123,-0.00031029183855754705,0.016063860382412642,-0.0010422939903987627,0.02829203091167609,0.12898335514956602
full_sample,9.6,10.2,9.899999999999999,0.5999999999999996,point_estimate,2202,True,0.04640844206403087,0.042667962438826174,0.03694259125717413,0.14288905528011317,0.22010248623189194,0.07721343095177877,0.27758677396498815,0.13469771868487498,0.2782094376279501,0.13532038234783691,0.22986579960882286,0.0869767443287097,0.14266753586504438,-0.00022151941506878825,0.222596486921477,0.07970743164136382,int_log_mgas,int_log_gas_fraction,leave_one_out_drop_from_l3_plus_all_internal,1,0.04834363801912722,1,single_feature_candidate_marginal,2,0.08177613190075211,0.07721343095177877,-0.00022151941506878825,0.015266797788334174,0.0018097056684550639,0.04110609925646477,0.13469771868487498
full_sample,9.6,10.3,9.95,0.7000000000000011,point_estimate,2448,True,0.04560422608427078,0.048212544261389156,0.03881662196993561,0.1369952357458116,0.21041972330557948,0.07342448755976788,0.2744624808428056,0.137467245096994,0.27356040326228204,0.13656516751647044,0.23168969855634822,0.09469446281053662,0.13612374066035818,-0.000871495085453422,0.2133413541377319,0.07634611839192029,int_log_mgas,int_log_gas_fraction,leave_one_out_drop_from_l3_plus_all_internal,1,0.04187070470593382,1,single_feature_candidate_marginal,2,0.09105040681697549,0.07342448755976788,-0.000871495085453422,0.012937267122479168,0.0018150726001886497,0.04631269713642569,0.137467245096994
full_sample,9.6,10.4,10.0,0.8000000000000007,point_estimate,2693,True,0.04593922809926046,0.05434600723885264,0.043237533632875115,0.149192907568171,0.2177097200371989,0.06851681246902791,0.2932990841218374,0.14410617655366642,0.2949374784267778,0.14574457085860681,0.260563506496795,0.111370598928624,0.14970835556778064,0.0005154479996096473,0.22739967693043123,0.07820676936226023,int_log_mgas,int_log_gas_fraction,leave_one_out_drop_from_l3_plus_all_internal,1,0.034373971929982816,1,single_feature_candidate_marginal,2,0.10200643394940784,0.06851681246902791,0.0005154479996096473,0.013940218034852125,0.004116858766066989,0.05671085324592415,0.14410617655366642
full_sample,9.6,10.5,10.05,0.9000000000000004,point_estimate,2959,True,0.04910313338752273,0.06230285953576687,0.05164798109531774,0.1728690612220086,0.23018949232547045,0.057320431103461855,0.3144656763735657,0.1415966151515571,0.31782316959970763,0.14495410837769904,0.2936822441856325,0.1208131829636239,0.17912842643666954,0.006259365214660945,0.24020725837948637,0.06733819715747777,int_log_mgas,int_log_gas_fraction,leave_one_out_drop_from_l3_plus_all_internal,1,0.024140925414075143,1,single_feature_candidate_marginal,3,0.10113990362846334,0.057320431103461855,0.006259365214660945,0.017789340209191706,0.006287970236886847,0.060021900273131756,0.1415966151515571
full_sample,9.6,10.55,10.075,0.9500000000000011,point_estimate,3107,True,0.050782214803074266,0.06599208939828222,0.05636829969715021,0.18578357906331905,0.2383911344903022,0.052607555426983144,0.3233635973936976,0.13758001833037853,0.33013869722239,0.14435511815907093,0.30855868497224104,0.12277510590892199,0.19274996198379613,0.006966382920477077,0.24926758294710744,0.06348400388378839,int_log_mgas,int_log_gas_fraction,leave_one_out_drop_from_l3_plus_all_internal,1,0.02158001225014894,1,single_feature_candidate_marginal,2,0.10156189307755409,0.052607555426983144,0.006966382920477077,0.01595152186156501,0.005170055908743643,0.05811937119637839,0.13758001833037853
full_sample,9.6,10.6,10.1,1.0,point_estimate,3240,True,0.0511401570589759,0.07087182564953712,0.06142691372450417,0.19616231529632622,0.2399534479867722,0.04379113269044599,0.33291314007742673,0.1367508247811005,0.34586216366787575,0.14969984837154954,0.3270082871180372,0.13084597182171098,0.20220015835254293,0.006037843056216713,0.2506687715933359,0.054506456297009676,int_log_mgas,int_log_gas_fraction,leave_one_out_drop_from_l3_plus_all_internal,1,0.018853876549838555,1,single_feature_candidate_marginal,2,0.11017039368715165,0.04379113269044599,0.006037843056216713,0.015656772849995504,0.004373685975866681,0.06298479299060578,0.1367508247811005
full_sample,9.6,10.7,10.149999999999999,1.0999999999999996,point_estimate,3428,True,0.05273561057596712,0.07619547040201682,0.06855834014858032,0.2074512568803784,0.24191492598230835,0.03446366910192994,0.3367716337325253,0.12932037685214687,0.35381611360265486,0.14636485672227645,0.3430479379089958,0.13559668102861738,0.21262407572727557,0.005172818846897159,0.24958657611347118,0.04213531923309277,int_log_mgas,int_log_gas_fraction,leave_one_out_drop_from_l3_plus_all_internal,1,0.010768175693659066,1,single_feature_candidate_marginal,3,0.11599743158357256,0.03446366910192994,0.005172818846897159,0.013593200787951898,0.0037172543211660414,0.06351293349002513,0.12932037685214687
full_sample,9.6,10.75,10.175,1.1500000000000004,point_estimate,3525,True,0.05276678426302595,0.07960736766656099,0.0725779754717249,0.2074554353308618,0.2427924044120866,0.0353369690812248,0.33598883717093886,0.12853340184007706,0.3569514114451611,0.14949597611429932,0.3465007581874161,0.1390453228565543,0.21410837985213554,0.00665294452127374,0.24908754359860588,0.04163210826774408,int_log_mgas,int_log_gas_fraction,leave_one_out_drop_from_l3_plus_all_internal,1,0.010450653257745024,1,single_feature_candidate_marginal,3,0.11807645243283865,0.0353369690812248,0.00665294452127374,0.015229250090632585,0.004185102874342206,0.0635360299886924,0.12853340184007706
full_sample,9.6,10.8,10.2,1.200000000000001,point_estimate,3605,True,0.0538052418408511,0.0828502404759188,0.07475792329499215,0.21181488833203357,0.24517097326479317,0.0333560849327596,0.3361904768802793,0.12437558854824574,0.35760120335221546,0.14578631502018188,0.3499700695517619,0.13815518121972833,0.21999706833360885,0.008182180001575279,0.24913475291994916,0.037319864587915585,int_log_mgas,int_log_gas_fraction,leave_one_out_drop_from_l3_plus_all_internal,1,0.007631133800453549,1,single_feature_candidate_marginal,3,0.11823955917194437,0.0333560849327596,0.008182180001575279,0.016546816619440463,0.0036386363980238923,0.06314188765376202,0.12437558854824574
full_sample,9.6,10.9,10.25,1.3000000000000007,point_estimate,3718,True,0.054372625726319276,0.08844570111628312,0.07812015815476314,0.2089713089588326,0.23985401803177772,0.03088270907294513,0.33048288741694476,0.12151157845811217,0.353967133705362,0.1449958247465294,0.3467977417977696,0.13782643283893703,0.21611576952501516,0.007144460566182564,0.24298969118675123,0.03401838222791864,int_log_mstar,int_log_gas_fraction,leave_one_out_drop_from_l3_plus_all_internal,2,0.0071693919075923596,1,single_feature_candidate_marginal,4,0.11920449617684337,0.03088270907294513,0.007144460566182564,0.015597304323903882,0.0021229216422514463,0.06107282146822479,0.12151157845811217
full_sample,9.6,11.0,10.3,1.4000000000000004,point_estimate,3794,True,0.055163877691241855,0.09454338929198643,0.079426960894059,0.2080944898539233,0.23899820438088337,0.030903714526960085,0.3297423872961337,0.12164789744221041,0.3502827933853038,0.14218830353138054,0.3426690824989055,0.1345745926449822,0.21485185283639247,0.006757362982469178,0.241290996649985,0.0331965067960617,int_log_mstar,int_log_gas_fraction,leave_one_out_drop_from_l3_plus_all_internal,2,0.007613710886398339,1,single_feature_candidate_marginal,4,0.11757285291952099,0.030903714526960085,0.006757362982469178,0.015102679438035171,0.0008999876841251087,0.05619250272801393,0.12164789744221041
full_sample,9.7,10.1,9.899999999999999,0.40000000000000036,point_estimate,1448,True,0.04133919328284474,0.03802313326441788,0.03428277982375509,0.16803754478885097,0.2511207620932062,0.08308321730435525,0.29329340441631846,0.1252558596274675,0.29190762928347946,0.1238700844946285,0.2302491612540906,0.06221161646523962,0.16635511133691355,-0.0016824334519374151,0.24993431349376358,0.08189676870491261,int_log_mgas,int_log_gas_fraction,leave_one_out_drop_from_l3_plus_all_internal,1,0.061658468029388874,1,single_feature_candidate_marginal,4,0.06132018030679584,0.08308321730435525,-0.0016824334519374151,0.012243534220282848,0.00047828968479168843,0.029473716706494568,0.1252558596274675
full_sample,9.7,10.2,9.95,0.5,point_estimate,1744,True,0.04214181001653252,0.040951359904496165,0.03564513719515148,0.15110715193687055,0.2314011398189484,0.08029398788207784,0.28097508730772613,0.1298679353708556,0.2826337087984868,0.13152655686161627,0.2317531316214234,0.08064597968455287,0.15003969148916907,-0.0010674604477014793,0.2322022869119304,0.08109513497505985,int_log_mgas,int_log_gas_fraction,leave_one_out_drop_from_l3_plus_all_internal,1,0.0508805771770634,1,single_feature_candidate_marginal,2,0.07517623327321579,0.08029398788207784,-0.0010674604477014793,0.0140768836096071,0.0036019727791120337,0.0422649644284506,0.1298679353708556
full_sample,9.7,10.3,10.0,0.6000000000000014,point_estimate,1990,True,0.04149278474876139,0.04615561853001323,0.03743002112220393,0.13248172088061433,0.20748034085626915,0.07499861997565482,0.2733362293712206,0.14085450849060627,0.27606389225246897,0.14358217137185464,0.2359120139545297,0.10343029307391538,0.13210805414634735,-0.0003736667342669753,0.20990624192525892,0.07742452104464459,int_log_mgas,int_log_gas_fraction,leave_one_out_drop_from_l3_plus_all_internal,1,0.04015187829793926,1,single_feature_candidate_marginal,4,0.09502204959974236,0.07499861997565482,-0.0003736667342669753,0.014725838855054851,0.004034133234154524,0.05508604904065406,0.14085450849060627
full_sample,9.7,10.4,10.05,0.7000000000000011,point_estimate,2235,True,0.042049831747712624,0.052051719266049665,0.04198102781870595,0.14429696087430724,0.21420795672476217,0.06991099585045493,0.29261363285094905,0.1483166719766418,0.2958916940788923,0.15159473320458508,0.2622699263727114,0.11797296549840416,0.14599535049927914,0.0016983896249719022,0.22485389945679,0.08055693858248275,int_log_mgas,int_log_gas_fraction,leave_one_out_drop_from_l3_plus_all_internal,1,0.033621767706180916,1,single_feature_candidate_marginal,3,0.10547174859895483,0.06991099585045493,0.0016983896249719022,0.015313506718240333,0.007520066283313309,0.06363178286949459,0.1483166719766418
full_sample,9.7,10.5,10.1,0.8000000000000007,point_estimate,2501,True,0.04578428989054801,0.06000114173253012,0.0508272673154582,0.1677152457681783,0.22450801854638672,0.056792772778208406,0.3113866158732149,0.1436713701050366,0.32110110408992154,0.15338585832174323,0.29774064365492214,0.13002539788674383,0.17548088916817595,0.007765643399997635,0.23506677392813824,0.06735152815995993,int_log_mgas,int_log_gas_fraction,leave_one_out_drop_from_l3_plus_all_internal,1,0.023360460434999397,1,single_feature_candidate_marginal,2,0.10568538580204379,0.056792772778208406,0.007765643399997635,0.019536592203018704,0.010729952608622417,0.06688755587479894,0.1436713701050366
full_sample,9.7,10.55,10.125,0.8500000000000014,point_estimate,2649,True,0.04764203067004114,0.06354118965739007,0.05561513138903724,0.181238482004736,0.23591942157791043,0.054680939573174436,0.3229360027228189,0.14169752071808292,0.3329339995577965,0.15169551755306052,0.31184452931463036,0.13060604730989436,0.18967362939494775,0.008435147390211756,0.2454168962026065,0.06417841419787051,int_log_mgas,int_log_gas_fraction,leave_one_out_drop_from_l3_plus_all_internal,1,0.021089470243166153,1,single_feature_candidate_marginal,3,0.10588567779238942,0.054680939573174436,0.008435147390211756,0.018625510271056994,0.008243549744913009,0.06537896986109268,0.14169752071808292
full_sample,9.7,10.6,10.149999999999999,0.9000000000000004,point_estimate,2782,True,0.04798755095452319,0.06845675145283905,0.06085906267707851,0.19331702475153775,0.236845915714535,0.04352889096299725,0.33057659736366346,0.1372595726121257,0.3473725313201876,0.15405550656864983,0.3309353129881397,0.13761828823660197,0.2015443746081153,0.008227349856577554,0.24582941766575334,0.05251239291421558,int_log_mgas,int_log_gas_fraction,leave_one_out_drop_from_l3_plus_all_internal,1,0.016437218332047865,1,single_feature_candidate_marginal,3,0.11332642275883906,0.04352889096299725,0.008227349856577554,0.0176912880843256,0.008567291013802603,0.06824850321678613,0.1372595726121257
full_sample,9.7,10.7,10.2,1.0,point_estimate,2970,True,0.049682334936215364,0.0735950354232158,0.06802377969760647,0.19637796142364236,0.23260064789161378,0.036222686467971416,0.3285709583710533,0.13219299694741096,0.3520874911880531,0.15570952976441074,0.3415854563171017,0.14520749489345933,0.20403440291154507,0.007656441487902704,0.23880760936465806,0.0424296479410157,int_log_mgas,int_log_gas_fraction,leave_one_out_drop_from_l3_plus_all_internal,1,0.010502034870951416,1,single_feature_candidate_marginal,3,0.12341547389625465,0.036222686467971416,0.007656441487902704,0.016142765677784138,0.005859060940603816,0.06995859836300286,0.13219299694741096
full_sample,9.7,10.75,10.225,1.0500000000000007,point_estimate,3067,True,0.04966803025558725,0.07693615483276937,0.07206864733071267,0.20197878105933822,0.2355878401577165,0.033609059098378274,0.32823776976283714,0.12625898870349891,0.35706429130898076,0.15508551024964254,0.3477861564679829,0.14580737540864466,0.2092674280965583,0.00728864703722007,0.2402862334412525,0.03830745238191427,int_log_mgas,int_log_gas_fraction,leave_one_out_drop_from_l3_plus_all_internal,1,0.009278134840997876,1,single_feature_candidate_marginal,3,0.12202899461789721,0.033609059098378274,0.00728864703722007,0.015869993464762144,0.006858598768104934,0.06862873430443847,0.12625898870349891
full_sample,9.7,10.8,10.25,1.1000000000000014,point_estimate,3147,True,0.0508089952522128,0.08005654179210364,0.07415025180926113,0.2037074704347103,0.2324600784696739,0.0287526080349636,0.3234999514549556,0.11979248102024528,0.35300470062210443,0.14929723018739413,0.3479734910458168,0.14426602061110652,0.21158251279672444,0.00787504236201414,0.23489590329076931,0.031188432856059017,int_log_mstar,int_log_mstar,leave_one_out_drop_from_l3_plus_all_internal,2,0.00503120957628761,2,single_feature_candidate_marginal,6,0.12362181045306767,0.0287526080349636,0.00787504236201414,0.016494244817385262,0.004785980963074005,0.06694011277977654,0.11979248102024528
full_sample,9.7,10.9,10.3,1.200000000000001,point_estimate,3260,True,0.05139858928958364,0.08550733021294063,0.07738934053524524,0.19418112209880134,0.22582077309519732,0.031639650996395985,0.3178673407548612,0.12368621865605989,0.34981706875649143,0.1556359466576901,0.3427978028338212,0.14861668073501988,0.20305892946086185,0.008877807362060508,0.22821231147966853,0.03403118938086719,int_log_mstar,int_log_mstar,leave_one_out_drop_from_l3_plus_all_internal,2,0.007019265922670215,2,single_feature_candidate_marginal,4,0.12757204276527195,0.031639650996395985,0.008877807362060508,0.017428514827454694,0.004631323995471698,0.0670690972509807,0.12368621865605989
full_sample,9.7,11.0,10.35,1.3000000000000007,point_estimate,3336,True,0.052255599738477265,0.09158927506347272,0.07856679097629078,0.20595620181076213,0.23553973602455827,0.029583534213796142,0.32460903515887585,0.11865283334811372,0.3531934919919932,0.14723729018123105,0.3466567610212371,0.14070055921047497,0.2140207536453027,0.008064551834540579,0.23756015713060968,0.031603955319847554,int_log_mstar,int_log_mstar,leave_one_out_drop_from_l3_plus_all_internal,2,0.006536730970756077,2,single_feature_candidate_marginal,4,0.1223110724583088,0.029583534213796142,0.008064551834540579,0.016138715751690624,0.003559882821502075,0.05989202724538567,0.11865283334811372
full_sample,9.7,11.2,10.45,1.5,point_estimate,3424,True,0.05307664541868696,0.10181096002777744,0.08094459328599318,0.19801808213736205,0.22650103088458615,0.028482948747224096,0.310314770268754,0.11229668813139193,0.3416014680189059,0.14358338588154385,0.33484669250020227,0.13682861036284022,0.20491058027461695,0.006892498137254899,0.22948659501062202,0.03146851287325997,int_log_mstar,int_log_mstar,leave_one_out_drop_from_l3_plus_all_internal,2,0.006754775518703626,2,single_feature_candidate_marginal,4,0.11899257110571043,0.028482948747224096,0.006892498137254899,0.014035411358373384,0.0019396190100407495,0.05489144425898229,0.11229668813139193
full_sample,9.8,10.3,10.05,0.5,point_estimate,1562,True,0.03940702905040522,0.04365162134408576,0.037350275020913266,0.12514970786294757,0.19422013687220677,0.0690704290092592,0.2543539731741136,0.12920426531116605,0.2596912660686315,0.13454155820568395,0.22646560833591683,0.10131590047296926,0.12474212453487661,-0.0004075833280709623,0.19600978164174027,0.07086007377879269,int_log_mgas,int_log_gas_fraction,leave_one_out_drop_from_l3_plus_all_internal,1,0.033225657732714686,1,single_feature_candidate_marginal,3,0.08889844696176111,0.0690704290092592,-0.0004075833280709623,0.012495801677545049,0.010696316873483741,0.058741066508393946,0.12920426531116605
full_sample,9.8,10.4,10.100000000000001,0.5999999999999996,point_estimate,1807,True,0.04002608621370707,0.0492700035970201,0.0421397354440185,0.13718385970807487,0.2009712285334424,0.06378736882536754,0.27537898392870613,0.13819512422063127,0.2835064992678765,0.14632263955980165,0.25529809713263535,0.11811423742456048,0.13928758508616385,0.0021037253780889775,0.2098808958891536,0.07269703618107873,int_log_mgas,int_log_gas_fraction,leave_one_out_drop_from_l3_plus_all_internal,1,0.028208402135241173,1,single_feature_candidate_marginal,3,0.1030633272113187,0.06378736882536754,0.0021037253780889775,0.014788273258919737,0.009406463174363972,0.06761754070766726,0.13819512422063127
full_sample,9.8,10.5,10.15,0.6999999999999993,point_estimate,2073,True,0.04428701333748363,0.05730504998135067,0.05161200517160734,0.16185783178631358,0.21479067849260708,0.0529328467062935,0.2970402725469855,0.13518244076067193,0.3131160770862852,0.15125824529997162,0.29638389336477705,0.13452606157846347,0.17220088473049586,0.01034305294418228,0.22392793808775258,0.062070106301439,int_log_mgas,int_log_gas_fraction,leave_one_out_drop_from_l3_plus_all_internal,1,0.016732183721508143,1,single_feature_candidate_marginal,5,0.10450016743891805,0.0529328467062935,0.01034305294418228,0.02141300004686536,0.016535050013297775,0.07180270384995713,0.13518244076067193
full_sample,9.8,10.55,10.175,0.75,point_estimate,2221,True,0.04624606638105496,0.060705253438484236,0.05649479946831339,0.1701566855728414,0.2243318587867674,0.05417517321392601,0.30955377776291015,0.13939709219006877,0.32464549267037335,0.15448880709753196,0.31106033767160896,0.14090365209876757,0.1824172970793331,0.012260611506491714,0.2299354161586212,0.059778730585779816,int_log_mgas,int_log_gas_fraction,leave_one_out_drop_from_l3_plus_all_internal,1,0.013585154998764393,1,single_feature_candidate_marginal,4,0.10880646357339938,0.05417517321392601,0.012260611506491714,0.02190836208168881,0.012517378746759927,0.06846945590176087,0.13939709219006877
full_sample,9.8,10.6,10.2,0.7999999999999989,point_estimate,2354,True,0.04647545218331648,0.06570299793626419,0.061977949720165036,0.1777342420932307,0.220840487846458,0.0431062457532273,0.3148111833460129,0.1370769412527822,0.3406283862830908,0.1628941441898601,0.3297701276899323,0.15203588559670161,0.18866215701464084,0.010927914921410153,0.22605874773292983,0.048324505639699145,int_log_mgas,int_log_gas_fraction,leave_one_out_drop_from_l3_plus_all_internal,1,0.010858258593158476,1,single_feature_candidate_marginal,4,0.12159984159985121,0.0431062457532273,0.010927914921410153,0.02090533355206406,0.01199734526211374,0.0756089212876252,0.1370769412527822
full_sample,9.8,10.7,10.25,0.8999999999999986,point_estimate,2542,True,0.04816634178721725,0.07066494910894877,0.06917861412805128,0.18191948014021542,0.21673088958432044,0.03481140944410502,0.30957584361229157,0.12765636347207615,0.34473197521000587,0.16281249506979045,0.33728783716000565,0.15536835701979024,0.19122935738032978,0.009309877240114367,0.22039775300251535,0.038478272862299934,int_log_mgas,int_log_mstar,leave_one_out_drop_from_l3_plus_all_internal,1,0.007444138050000215,2,single_feature_candidate_marginal,5,0.12788798814062358,0.03481140944410502,0.009309877240114367,0.01827004356862158,0.010544602369908118,0.07455186400895597,0.12765636347207615
full_sample,9.8,10.75,10.275,0.9499999999999993,point_estimate,2639,True,0.04804090928972763,0.07393753858814771,0.07325015790941977,0.1936536514737028,0.2257101922343497,0.0320565407606469,0.31795619127812697,0.12430253980442416,0.35544065675600456,0.16178700528230175,0.34927534897019114,0.15562169749648833,0.2025924902456689,0.008938838771966079,0.22874496231665625,0.035091310842953444,int_log_mstar,int_log_mstar,leave_one_out_drop_from_l3_plus_all_internal,2,0.006165307785813423,2,single_feature_candidate_marginal,4,0.1293422449738146,0.0320565407606469,0.008938838771966079,0.017626495591564983,0.009257293692997354,0.07420033481615049,0.12430253980442416
full_sample,9.8,10.8,10.3,1.0,point_estimate,2719,True,0.04926649574052578,0.07690479853055114,0.075205965005453,0.18819667851960542,0.2187412564989569,0.030544577979351478,0.3080008939872565,0.11980421546765108,0.3462003366717633,0.1580036581521579,0.3434101834236464,0.15521350490404096,0.1996973379467443,0.011500659427138876,0.2198480880085117,0.03165140948890627,int_log_mstar,int_log_mstar,leave_one_out_drop_from_l3_plus_all_internal,2,0.0027901532481169333,2,single_feature_candidate_marginal,6,0.12853682871219452,0.030544577979351478,0.011500659427138876,0.020555846297997393,0.008326447383977587,0.07261408435581362,0.11980421546765108
full_sample,9.8,10.9,10.350000000000001,1.0999999999999996,point_estimate,2832,True,0.049829315578777185,0.0821641462845637,0.07828950606622223,0.18905697654831882,0.2172268664183406,0.02816988987002178,0.30173122461777685,0.11267424806945803,0.3386623055581922,0.1496053290098734,0.3357155856555994,0.14665860910728057,0.1975555222395761,0.00849854569125727,0.2169472705634261,0.027890294015107286,int_log_mstar,int_log_mstar,leave_one_out_drop_from_l3_plus_all_internal,2,0.0029467199025928204,2,single_feature_candidate_marginal,5,0.12627899873123716,0.02816988987002178,0.00849854569125727,0.01620449655302031,0.004714087215893198,0.06612793633282082,0.11267424806945803
full_sample,9.8,11.0,10.4,1.1999999999999993,point_estimate,2908,True,0.050732198388721284,0.08818673562247809,0.0793084230464207,0.1944437162157568,0.2224507440736098,0.028007027857853,0.3060728372558338,0.111629121040077,0.3404814165151652,0.14603770029940844,0.3357543263882879,0.1413106101725311,0.2035445146857458,0.009100798469989013,0.2229542691247502,0.028510552908993403,int_log_mstar,int_log_mstar,leave_one_out_drop_from_l3_plus_all_internal,2,0.004727090126877331,2,single_feature_candidate_marginal,4,0.12172903351386416,0.028007027857853,0.009100798469989013,0.016864734702798062,0.0038213656190906886,0.06021069600143075,0.111629121040077
full_sample,9.8,11.2,10.5,1.3999999999999986,point_estimate,2996,True,0.05161125138558612,0.09854632036996379,0.08161423653115098,0.18171280088784236,0.20823615563055875,0.026523354742716387,0.2876847949913849,0.10597199410354252,0.32483441198359436,0.143121611095752,0.3207688565268046,0.13905605563896223,0.18935209404368414,0.007639293155841775,0.2095952905099822,0.02788248962213985,int_log_mstar,int_log_mstar,leave_one_out_drop_from_l3_plus_all_internal,2,0.004065555456789771,2,single_feature_candidate_marginal,4,0.11987928736421205,0.026523354742716387,0.007639293155841775,0.0144247886578463,0.0027884291530289596,0.05406008461094988,0.10597199410354252
full_sample,9.9,10.3,10.100000000000001,0.40000000000000036,point_estimate,1211,True,0.0399898382254215,0.04209193486081065,0.03740046966139956,0.12518305131627583,0.17939580580216039,0.05421275448588456,0.2264667994217365,0.10128374810546067,0.23409477180822283,0.108911720491947,0.2090216509235904,0.08383859960731457,0.1246397506466758,-0.0005433006696000248,0.1803238682051893,0.05514081688891348,int_log_mgas,int_log_gas_fraction,leave_one_out_drop_from_l3_plus_all_internal,1,0.025073120884632427,1,single_feature_candidate_marginal,4,0.07017406071687785,0.05421275448588456,-0.0005433006696000248,0.003608178241131299,0.007360511687341947,0.04427276030926924,0.10128374810546067
full_sample,9.9,10.4,10.15,0.5,point_estimate,1456,True,0.040325689648609206,0.04759104888737932,0.042542013643044295,0.13069294856811756,0.18218163017071057,0.05148868160259301,0.2554697957109856,0.12477684714286805,0.26973100936378785,0.1390380607956703,0.24934665520625207,0.11865370663813452,0.13246034747358176,0.001767398905464207,0.18947779856301847,0.05878484999490091,int_log_mgas,int_log_gas_fraction,leave_one_out_drop_from_l3_plus_all_internal,1,0.020384354157535783,1,single_feature_candidate_marginal,4,0.09875474787044794,0.05148868160259301,0.001767398905464207,0.01206649447277744,0.012520985816438651,0.06926538421774245,0.12477684714286805
full_sample,9.9,10.5,10.2,0.5999999999999996,point_estimate,1722,True,0.04491558228106164,0.05593431214758615,0.05275851624221515,0.1538763893182183,0.20416096569481645,0.05028457637659817,0.28231091503960315,0.12843452572138486,0.3036263164412246,0.14974992712300633,0.29250762825350246,0.13863123893528417,0.16739651820110885,0.013520128882890559,0.20895838880835846,0.05508199949014017,int_log_mgas,int_log_gas_fraction,leave_one_out_drop_from_l3_plus_all_internal,1,0.011118688187722159,1,single_feature_candidate_marginal,5,0.10393385639697855,0.05028457637659817,0.013520128882890559,0.02309717309066303,0.017008291169375467,0.07022453907630818,0.12843452572138486
full_sample,9.9,10.55,10.225000000000001,0.6500000000000004,point_estimate,1870,True,0.04683778003010635,0.059261359759466455,0.05772147864289179,0.160996931184194,0.2097568835189172,0.04875995233472319,0.28974218264101903,0.12874525145682503,0.30950916177511606,0.14851223059092206,0.30023622743929995,0.13923929625510595,0.17471637490198255,0.013719443717788549,0.21327914028523728,0.05228220910104328,int_log_mgas,int_log_gas_fraction,leave_one_out_drop_from_l3_plus_all_internal,1,0.009272934335816108,1,single_feature_candidate_marginal,4,0.10898473289360622,0.04875995233472319,0.013719443717788549,0.023438328586572188,0.010942565255668224,0.06896043366350785,0.12874525145682503
full_sample,9.9,10.6,10.25,0.6999999999999993,point_estimate,2003,True,0.046819425723711984,0.0644221350759413,0.06345472687403994,0.17130174910625523,0.2109726867525144,0.039670937646259175,0.2982046588961075,0.12690290978985225,0.33454121062369246,0.16323946151743723,0.3268357262320284,0.15553397712577316,0.18412886280717078,0.012827113700915549,0.2139836688093025,0.04268191970304727,int_log_mgas,int_log_gas_fraction,leave_one_out_drop_from_l3_plus_all_internal,1,0.007705484391664075,1,single_feature_candidate_marginal,5,0.12506913565008776,0.039670937646259175,0.012827113700915549,0.022322893517749215,0.014589337135483715,0.07760891132031372,0.12690290978985225
full_sample,9.9,10.7,10.3,0.7999999999999989,point_estimate,2191,True,0.048365506808639935,0.06927215126553371,0.07064610156124364,0.16560907037039824,0.19873899937193645,0.033129929001538216,0.2867000953732095,0.12109102500281127,0.3304616185788326,0.16485254820843437,0.32716892099973166,0.16155985062933342,0.176778902551555,0.011169832181156775,0.20051263784930398,0.034903567478905745,int_log_mstar,int_log_mstar,leave_one_out_drop_from_l3_plus_all_internal,2,0.003292697579100945,2,single_feature_candidate_marginal,5,0.1335809563001274,0.033129929001538216,0.011169832181156775,0.020150284252247685,0.009207701373649763,0.07657113227751183,0.12109102500281127
full_sample,9.9,10.75,10.325,0.8499999999999996,point_estimate,2288,True,0.048059670456765506,0.07250774357985872,0.07472267097508581,0.1764631384560428,0.20783369766039184,0.03137055920434903,0.29188419971470425,0.11542106125866144,0.3368178738833227,0.16035473542727988,0.3339056795928853,0.1574425411368425,0.1882040005765956,0.01174086212055278,0.2086306074246763,0.032167468968633484,int_log_mstar,int_log_mstar,leave_one_out_drop_from_l3_plus_all_internal,2,0.0029121942904373754,2,single_feature_candidate_marginal,5,0.12909351590731563,0.03137055920434903,0.01174086212055278,0.020703483334784195,0.009628146180332503,0.07210813058937221,0.11542106125866144
full_sample,9.9,10.8,10.350000000000001,0.9000000000000004,point_estimate,2368,True,0.04933343590897872,0.07533467349701753,0.07652933791053476,0.176247729654686,0.2042290303769839,0.027981300722297903,0.2849012062849116,0.10865347663022562,0.32787819726197825,0.15163046760729226,0.3264913953432612,0.15024366568857522,0.1896579901967103,0.013410260542024321,0.20315061441455118,0.026902884759865187,int_log_mstar,int_log_mstar,leave_one_out_drop_from_l3_plus_all_internal,3,0.00138680191871704,2,single_feature_candidate_marginal,6,0.12511356552456787,0.027981300722297903,0.013410260542024321,0.02206727272570469,0.0075375309818290215,0.07035369219492163,0.10865347663022562
full_sample,9.9,10.9,10.4,1.0,point_estimate,2481,True,0.04981142956582928,0.08042108018896685,0.07942990454157378,0.16728376707503806,0.19520472757513568,0.027920960500097625,0.27763321852398526,0.1103494514489472,0.3224095029934587,0.15512573591842066,0.3213526920449993,0.15406892496996122,0.1799691331377593,0.012685366062721248,0.19400098745642927,0.02671722038139121,int_log_mstar,int_log_mstar,leave_one_out_drop_from_l3_plus_all_internal,2,0.0010568109484594412,2,single_feature_candidate_marginal,5,0.1305271998519737,0.027920960500097625,0.012685366062721248,0.02139694317559454,0.004025919169285658,0.06753822133518023,0.1103494514489472
full_sample,9.9,11.0,10.45,1.0999999999999996,point_estimate,2557,True,0.05072863578908393,0.08639422005443366,0.08028040466034055,0.1755856728451028,0.20188236719381272,0.02629669434870993,0.28159049347815196,0.10600482063304917,0.32297825498186017,0.14739258213675738,0.3213817667448279,0.1457960938997251,0.18520222465610597,0.009616551811003182,0.20178469630452245,0.026199023459419657,int_log_mstar,int_log_mstar,leave_one_out_drop_from_l3_plus_all_internal,3,0.0015964882370322897,2,single_feature_candidate_marginal,5,0.12334026104277268,0.02629669434870993,0.009616551811003182,0.017185514311857386,0.004520851680008459,0.06169213779048244,0.10600482063304917
full_sample,9.9,11.2,10.55,1.299999999999999,point_estimate,2645,True,0.05163458322375324,0.09690651597698571,0.08250930532467121,0.15932370035439036,0.18780843486401438,0.02848473450962402,0.2637624120877449,0.10443871173335456,0.3033308506862308,0.14400715033184042,0.3002515621271506,0.14092786177276023,0.1703602999703061,0.011036599615915743,0.18746030513115586,0.028136604776765495,int_log_mstar,int_log_mstar,leave_one_out_drop_from_l3_plus_all_internal,2,0.0030792885590801844,2,single_feature_candidate_marginal,4,0.12006411461261285,0.02848473450962402,0.011036599615915743,0.017467497659954395,0.0027596732009616542,0.05243635377914732,0.10443871173335456
full_sample,10.0,10.4,10.2,0.40000000000000036,point_estimate,1138,True,0.040451821537221135,0.04599406230025583,0.043927137571730605,0.1438760084697725,0.18668068008459288,0.04280467161482038,0.24817077344304397,0.10429476497327148,0.2649614725347587,0.12108546406498621,0.25834079851611963,0.11446479004634713,0.14875800358864583,0.004881995118873328,0.18992523934134234,0.04604923087156984,int_log_mgas,int_log_gas_fraction,leave_one_out_drop_from_l3_plus_all_internal,1,0.006620674018639083,1,single_feature_candidate_marginal,3,0.09505755671634072,0.04280467161482038,0.004881995118873328,0.01320440409294421,0.015760778925852564,0.06161161838720061,0.10429476497327148
full_sample,10.0,10.5,10.25,0.5,point_estimate,1404,True,0.045449875407032644,0.055011093039941276,0.0551830740471474,0.1602312680607953,0.20249535822144454,0.04226409016064925,0.27040861739737754,0.11017734933658224,0.29868031662420114,0.13844904856340584,0.2933852182186389,0.1331539501578436,0.175755537986434,0.015524269925638712,0.20593305646890037,0.04570178840810507,int_log_mgas,int_log_gas_fraction,leave_one_out_drop_from_l3_plus_all_internal,1,0.0052950984055622485,1,single_feature_candidate_marginal,6,0.0974812819318378,0.04226409016064925,0.015524269925638712,0.022638584904806858,0.018884558279992053,0.06735050173100993,0.11017734933658224
full_sample,10.0,10.55,10.275,0.5500000000000007,point_estimate,1552,True,0.047282099107323346,0.05834252944970985,0.06023136143084105,0.16208943150952343,0.20314063503222934,0.041051203522705915,0.2744670084492101,0.1123775769396867,0.30675123271825727,0.14466180120873384,0.29877004318699935,0.13668061167747592,0.17484861264078638,0.012759181131262953,0.2069280407911717,0.04483860928164826,int_log_mgas,int_log_gas_fraction,leave_one_out_drop_from_l3_plus_all_internal,1,0.007981189531257926,1,single_feature_candidate_marginal,6,0.10538766103635921,0.041051203522705915,0.012759181131262953,0.019975006101987602,0.01785751607192204,0.06844470593697352,0.1123775769396867
full_sample,10.0,10.6,10.3,0.5999999999999996,point_estimate,1685,True,0.046937711951727815,0.06377845371267413,0.06625926462106142,0.1711829383732773,0.2062019306898259,0.03501899231654859,0.28223310267786816,0.11105016430459086,0.3260591586061959,0.15487622023291858,0.32318098851297494,0.15199805013969764,0.18540269071591697,0.014219752342639669,0.20616732967438106,0.03498439130110376,int_log_mstar,int_log_mstar,leave_one_out_drop_from_l3_plus_all_internal,3,0.002878170093220944,2,single_feature_candidate_marginal,5,0.11860909125485697,0.03501899231654859,0.014219752342639669,0.02273254286365811,0.01959581972804192,0.07510734807497985,0.11105016430459086
full_sample,10.0,10.7,10.35,0.6999999999999993,point_estimate,1873,True,0.048293432801033556,0.06857175024022324,0.0734015715818187,0.15983359952777101,0.1902618793501516,0.030428279822380583,0.27091133795095407,0.11107773842318305,0.32256490605180976,0.16273130652403875,0.32248101357993414,0.16264741405216313,0.17300104087625912,0.013167441348488101,0.19001523208721066,0.030181632559439647,int_log_mstar,int_log_mstar,leave_one_out_drop_from_l3_plus_all_internal,5,8.389247187562399e-05,2,single_feature_candidate_marginal,4,0.13281720405976702,0.030428279822380583,0.013167441348488101,0.022054897574206228,0.0118381464861739,0.07292821290812221,0.11107773842318305
full_sample,10.0,10.75,10.375,0.75,point_estimate,1970,True,0.04777643063946817,0.07179512643539793,0.07746562532157131,0.16085303793826047,0.19107353443207514,0.03022049649381467,0.2696742558787718,0.10882121794051133,0.32315455447719527,0.1623015165389348,0.32258548146580013,0.16173244352753965,0.1743613216954168,0.01350828375715632,0.19009304442857483,0.029240006490314358,int_log_mstar,int_log_mstar,leave_one_out_drop_from_l3_plus_all_internal,5,0.0005690730113951381,2,single_feature_candidate_marginal,4,0.13165483995782715,0.03022049649381467,0.01350828375715632,0.022197930390585985,0.011797314855725688,0.07387915626991162,0.10882121794051133
full_sample,10.0,10.8,10.4,0.8000000000000007,point_estimate,2050,True,0.04911493446308616,0.07447027124992975,0.07907916177418155,0.16919944999526118,0.19529969754970078,0.0261002475544396,0.26835519801879154,0.09915574802353036,0.3217338897344924,0.15253443973923123,0.32173716402906993,0.15253771403380875,0.184659028541942,0.015459578546680813,0.19480911031107503,0.025609660315813854,int_log_mstar,int_log_mstar,leave_one_out_drop_from_l3_plus_all_internal,3,-3.274294577526593e-06,2,single_feature_candidate_marginal,6,0.12573940169935718,0.0261002475544396,0.015459578546680813,0.02385070862387237,0.009826121391478232,0.06797882789480206,0.09915574802353036
full_sample,10.0,10.9,10.45,0.9000000000000004,point_estimate,2163,True,0.049504979791666424,0.07936889887734902,0.0817467193214495,0.14925745893487932,0.17466422807447027,0.025406769139590946,0.252175908830978,0.10291844989609869,0.30181353332237826,0.15255607438749894,0.30396985380447344,0.15471239486959412,0.16262141943728195,0.013363960502402628,0.1735109239974921,0.024253465062612778,int_log_mstar,int_log_mstar,leave_one_out_drop_from_l3_plus_all_internal,6,-0.0021563204820951865,2,single_feature_candidate_marginal,4,0.12805532000304923,0.025406769139590946,0.013363960502402628,0.021517360352707265,0.006244365710507294,0.06695540054212565,0.10291844989609869
full_sample,10.0,11.0,10.5,1.0,point_estimate,2239,True,0.05044745281309567,0.08527974999832102,0.08239230477993537,0.15102033532306253,0.17854696117332075,0.027526625850258224,0.251894683798615,0.10087434847555249,0.2996013074860475,0.148580972162985,0.2990971044679556,0.1480767691448931,0.16485201460065974,0.013831679277597209,0.17743715996351112,0.02641682464044859,int_log_mstar,int_log_mstar,leave_one_out_drop_from_l3_plus_all_internal,3,0.0005042030180918977,2,single_feature_candidate_marginal,5,0.12414403232313703,0.027526625850258224,0.013831679277597209,0.019969064571872086,0.004997467469341599,0.05764890735980416,0.10087434847555249
full_sample,10.0,11.2,10.6,1.1999999999999993,point_estimate,2327,True,0.05139979799366744,0.09595053173486659,0.08452551510024128,0.1461284220666914,0.1725810646828294,0.026452642616138,0.24379150121184803,0.09766307914515662,0.284282840492249,0.1381544184255576,0.2834735201619269,0.13734509809523548,0.1555236568400229,0.009395234773331484,0.17112032576068767,0.02499190369399626,int_log_mstar,int_log_mstar,leave_one_out_drop_from_l3_plus_all_internal,5,0.0008093203303221053,2,single_feature_candidate_marginal,3,0.11702547970132854,0.026452642616138,0.009395234773331484,0.015387389509972316,0.0007739158457657491,0.04835214516456604,0.09766307914515662
