sample_definition,region,log_mstar_lo,log_mstar_hi,n_selected_raw,n,score_available,target_variance,log_mgas_variance,log_gas_fraction_variance,l3_r2,l3_plus_gas_mass_r2,gas_mass_marginal_r2,l3_plus_gas_fraction_r2,gas_fraction_marginal_r2,l3_plus_all_internal_r2,all_internal_marginal_r2,l3_plus_internal_excluding_gas_r2,internal_excluding_gas_marginal_r2,l3_plus_sfr_r2,sfr_marginal_r2,l3_plus_gas_mass_and_sfr_r2,gas_mass_and_sfr_marginal_r2,dominant_internal_feature,dominant_candidate_feature,carrier_ranking_method,gas_mass_rank,gas_leave_one_out_r2_drop,gas_fraction_rank,gas_fraction_rank_method,sfr_rank,single_marginal__int_log_mstar,single_marginal__int_log_mgas,single_marginal__int_log_sfr,single_marginal__int_log_ssfr,single_marginal__int_log_rstar,single_marginal__int_metallicity,single_marginal__int_log_gas_fraction,fraction_sfr_floor,fraction_gas_particles_lt_100,median_gas_particles,p16_gas_particles,p84_gas_particles,median_star_particles,p16_star_particles,p84_star_particles
full_sample,low,9.0,9.3,1862,1857,True,0.0749579885025554,0.3208464512940489,0.31959162817410475,0.1646454380182585,0.1690858416198439,0.004440403601585402,0.17166203842199657,0.007016600403738055,0.023445823695048485,-0.14119961432321002,0.17318046878730792,0.008535030769049406,0.16715737509171086,0.002511937073452347,0.16941970129466205,0.00477426327640354,int_log_rstar,int_log_gas_fraction,leave_one_out_drop_from_l3_plus_all_internal,3.0,-0.14973464509225942,1.0,single_feature_candidate_marginal,5.0,0.005793749844378249,0.004440403601585402,0.002511937073452347,0.00502575468965441,-0.0011702829633391254,0.0005544574030547367,0.007016600403738055,0.0032310177705977385,0.0032310177705977385,1200.0,806.96,1807.04,86.0,68.0,111.0
full_sample,pre_edge,9.3,9.55,1278,1275,True,0.05226088995718772,0.026977434647397325,0.02593162967911614,0.18994048112303177,0.26897092761472646,0.07903044649169469,0.28355543955606943,0.09361495843303766,0.293340004483572,0.10339952336054023,0.2218298630381273,0.03188938191509552,0.19902818289571458,0.00908770177268281,0.26901511911853665,0.07907463799550488,int_log_mgas,int_log_gas_fraction,leave_one_out_drop_from_l3_plus_all_internal,1.0,0.07151014144544471,1.0,single_feature_candidate_marginal,4.0,0.016208931350881833,0.07903044649169469,0.00908770177268281,0.01881602122948514,0.00017371348378669715,0.006803379363442552,0.09361495843303766,0.0,0.0,1745.0,1176.0,2519.3199999999997,169.0,137.84,207.0
full_sample,onset,9.55,9.85,1290,1289,True,0.052322452028234365,0.030246567748855754,0.030076796192971912,0.2081794837304099,0.26919618631277475,0.06101670258236486,0.2926189385478851,0.08443945481747522,0.29831690853929993,0.09013742480889003,0.2360942875611106,0.02791480383070069,0.20690037888367724,-0.0012791048467326593,0.2686182562971073,0.060438772566697385,int_log_mgas,int_log_gas_fraction,leave_one_out_drop_from_l3_plus_all_internal,1.0,0.06222262097818934,1.0,single_feature_candidate_marginal,4.0,0.029685280475894804,0.06101670258236486,-0.0012791048467326593,0.0038316709059144083,-0.0014779969021267991,0.0011488623408995036,0.08443945481747522,0.0,0.0,2574.0,1761.08,3838.960000000001,321.0,254.0,410.0
full_sample,core,9.85,10.55,2051,2047,True,0.0473103260135534,0.06015943251610699,0.057102760931331265,0.15477755423745304,0.20850281940560098,0.053725265168147934,0.2951799229856077,0.14040236874815465,0.317054251863213,0.16227669762575997,0.3026623804238864,0.14788482618643334,0.16752516819721697,0.012747613959763926,0.2139641206299236,0.05918656639247055,int_log_mgas,int_log_gas_fraction,leave_one_out_drop_from_l3_plus_all_internal,1.0,0.014391871439326631,1.0,single_feature_candidate_marginal,5.0,0.11689413712149588,0.053725265168147934,0.012747613959763926,0.022513451209823093,0.013378652170373151,0.07266529657080303,0.14040236874815465,0.040058622374206154,0.0,5033.0,2801.36,9044.48,962.0,588.0,1868.0
full_sample,upper_transition,10.55,10.75,418,418,True,0.037446371980255085,0.10224490067688168,0.10272793729476747,0.15126632416927321,0.16731221615718644,0.01604589198791323,0.17598533340221106,0.02471900923293785,0.17552683031480978,0.02426050614553657,0.17866409951358084,0.027397775344307623,0.1728187533666457,0.02155242919737249,0.17384809131899753,0.02258176714972432,int_log_mstar,int_log_gas_fraction,leave_one_out_drop_from_l3_plus_all_internal,4.0,-0.0031372691987710533,1.0,single_feature_candidate_marginal,3.0,0.0008363509457510743,0.01604589198791323,0.02155242919737249,0.01968689186939704,-0.0015572332707939895,-0.001401668745469431,0.02471900923293785,0.3133971291866029,0.0,9042.0,3678.68,16346.72,3069.5,2629.16,3642.3599999999997
full_sample,high,10.75,11.2,357,357,True,0.06391902611203579,0.10763973441622905,0.09267428066329189,0.08552392930863746,0.08995372091982512,0.004429791611187658,0.09361469944283192,0.008090770134194458,0.09728702248992491,0.011763093181287446,0.08819266412044913,0.0026687348118116655,0.0856749917989252,0.00015106249028773444,0.08700846183357498,0.0014845325249375207,int_log_rstar,int_log_gas_fraction,leave_one_out_drop_from_l3_plus_all_internal,3.0,0.00909435836947578,1.0,single_feature_candidate_marginal,4.0,-0.007213610569704862,0.004429791611187658,0.00015106249028773444,-0.0003100501487075802,0.006880076906551583,0.0019164356260342463,0.008090770134194458,0.2969187675070028,0.0,14327.0,6746.6,31388.639999999978,5462.0,4371.92,8119.119999999998
gas_particles_ge_100,low,9.0,9.3,1854,1851,True,0.07427590605324386,0.030338677263068027,0.029661646159317878,0.15265437836308055,0.21581292482728065,0.0631585464642001,0.21763534540951318,0.06498096704643264,0.22647638082478436,0.07382200246170381,0.16124228743955385,0.008587909076473305,0.15319345622920932,0.0005390778661287787,0.21287968073719635,0.0602253023741158,int_log_mgas,int_log_gas_fraction,leave_one_out_drop_from_l3_plus_all_internal,1.0,0.06523409338523051,1.0,single_feature_candidate_marginal,3.0,0.0058081173104522765,0.0631585464642001,0.0005390778661287787,0.004676649069273092,-0.00022885457740626225,0.0025907795775633735,0.06498096704643264,0.0,0.0,1201.0,809.0,1808.0,86.0,68.0,111.0
gas_particles_ge_100,pre_edge,9.3,9.55,1278,1275,True,0.05226088995718772,0.026977434647397325,0.02593162967911614,0.18994048112303177,0.26897092761472646,0.07903044649169469,0.28355543955606943,0.09361495843303766,0.293340004483572,0.10339952336054023,0.2218298630381273,0.03188938191509552,0.19902818289571458,0.00908770177268281,0.26901511911853665,0.07907463799550488,int_log_mgas,int_log_gas_fraction,leave_one_out_drop_from_l3_plus_all_internal,1.0,0.07151014144544471,1.0,single_feature_candidate_marginal,4.0,0.016208931350881833,0.07903044649169469,0.00908770177268281,0.01881602122948514,0.00017371348378669715,0.006803379363442552,0.09361495843303766,0.0,0.0,1745.0,1176.0,2519.3199999999997,169.0,137.84,207.0
gas_particles_ge_100,onset,9.55,9.85,1290,1289,True,0.052322452028234365,0.030246567748855754,0.030076796192971912,0.2081794837304099,0.26919618631277475,0.06101670258236486,0.2926189385478851,0.08443945481747522,0.29831690853929993,0.09013742480889003,0.2360942875611106,0.02791480383070069,0.20690037888367724,-0.0012791048467326593,0.2686182562971073,0.060438772566697385,int_log_mgas,int_log_gas_fraction,leave_one_out_drop_from_l3_plus_all_internal,1.0,0.06222262097818934,1.0,single_feature_candidate_marginal,4.0,0.029685280475894804,0.06101670258236486,-0.0012791048467326593,0.0038316709059144083,-0.0014779969021267991,0.0011488623408995036,0.08443945481747522,0.0,0.0,2574.0,1761.08,3838.960000000001,321.0,254.0,410.0
gas_particles_ge_100,core,9.85,10.55,2051,2047,True,0.0473103260135534,0.06015943251610699,0.057102760931331265,0.15477755423745304,0.20850281940560098,0.053725265168147934,0.2951799229856077,0.14040236874815465,0.317054251863213,0.16227669762575997,0.3026623804238864,0.14788482618643334,0.16752516819721697,0.012747613959763926,0.2139641206299236,0.05918656639247055,int_log_mgas,int_log_gas_fraction,leave_one_out_drop_from_l3_plus_all_internal,1.0,0.014391871439326631,1.0,single_feature_candidate_marginal,5.0,0.11689413712149588,0.053725265168147934,0.012747613959763926,0.022513451209823093,0.013378652170373151,0.07266529657080303,0.14040236874815465,0.040058622374206154,0.0,5033.0,2801.36,9044.48,962.0,588.0,1868.0
gas_particles_ge_100,upper_transition,10.55,10.75,418,418,True,0.037446371980255085,0.10224490067688168,0.10272793729476747,0.15126632416927321,0.16731221615718644,0.01604589198791323,0.17598533340221106,0.02471900923293785,0.17552683031480978,0.02426050614553657,0.17866409951358084,0.027397775344307623,0.1728187533666457,0.02155242919737249,0.17384809131899753,0.02258176714972432,int_log_mstar,int_log_gas_fraction,leave_one_out_drop_from_l3_plus_all_internal,4.0,-0.0031372691987710533,1.0,single_feature_candidate_marginal,3.0,0.0008363509457510743,0.01604589198791323,0.02155242919737249,0.01968689186939704,-0.0015572332707939895,-0.001401668745469431,0.02471900923293785,0.3133971291866029,0.0,9042.0,3678.68,16346.72,3069.5,2629.16,3642.3599999999997
gas_particles_ge_100,high,10.75,11.2,357,357,True,0.06391902611203579,0.10763973441622905,0.09267428066329189,0.08552392930863746,0.08995372091982512,0.004429791611187658,0.09361469944283192,0.008090770134194458,0.09728702248992491,0.011763093181287446,0.08819266412044913,0.0026687348118116655,0.0856749917989252,0.00015106249028773444,0.08700846183357498,0.0014845325249375207,int_log_rstar,int_log_gas_fraction,leave_one_out_drop_from_l3_plus_all_internal,3.0,0.00909435836947578,1.0,single_feature_candidate_marginal,4.0,-0.007213610569704862,0.004429791611187658,0.00015106249028773444,-0.0003100501487075802,0.006880076906551583,0.0019164356260342463,0.008090770134194458,0.2969187675070028,0.0,14327.0,6746.6,31388.639999999978,5462.0,4371.92,8119.119999999998
gas_particles_ge_300,low,9.0,9.3,1847,1844,True,0.07374965259001998,0.02857516785326259,0.028049445562247293,0.15187157137175442,0.2136855015349485,0.061813930163194086,0.21602505960260973,0.06415348823085532,0.22472486950088938,0.07285329812913496,0.15994093118014432,0.008069359808389909,0.1532479982212794,0.001376426849524992,0.21247094659682456,0.06059937522507014,int_log_mgas,int_log_gas_fraction,leave_one_out_drop_from_l3_plus_all_internal,1.0,0.06478393832074505,1.0,single_feature_candidate_marginal,3.0,0.0052484586043072545,0.061813930163194086,0.001376426849524992,0.005352371724058086,-0.0007640217081047174,0.0016064768313365507,0.06415348823085532,0.0,0.0,1202.5,812.88,1809.12,86.0,68.0,111.0
gas_particles_ge_300,pre_edge,9.3,9.55,1278,1275,True,0.05226088995718772,0.026977434647397325,0.02593162967911614,0.18994048112303177,0.26897092761472646,0.07903044649169469,0.28355543955606943,0.09361495843303766,0.293340004483572,0.10339952336054023,0.2218298630381273,0.03188938191509552,0.19902818289571458,0.00908770177268281,0.26901511911853665,0.07907463799550488,int_log_mgas,int_log_gas_fraction,leave_one_out_drop_from_l3_plus_all_internal,1.0,0.07151014144544471,1.0,single_feature_candidate_marginal,4.0,0.016208931350881833,0.07903044649169469,0.00908770177268281,0.01881602122948514,0.00017371348378669715,0.006803379363442552,0.09361495843303766,0.0,0.0,1745.0,1176.0,2519.3199999999997,169.0,137.84,207.0
gas_particles_ge_300,onset,9.55,9.85,1290,1289,True,0.052322452028234365,0.030246567748855754,0.030076796192971912,0.2081794837304099,0.26919618631277475,0.06101670258236486,0.2926189385478851,0.08443945481747522,0.29831690853929993,0.09013742480889003,0.2360942875611106,0.02791480383070069,0.20690037888367724,-0.0012791048467326593,0.2686182562971073,0.060438772566697385,int_log_mgas,int_log_gas_fraction,leave_one_out_drop_from_l3_plus_all_internal,1.0,0.06222262097818934,1.0,single_feature_candidate_marginal,4.0,0.029685280475894804,0.06101670258236486,-0.0012791048467326593,0.0038316709059144083,-0.0014779969021267991,0.0011488623408995036,0.08443945481747522,0.0,0.0,2574.0,1761.08,3838.960000000001,321.0,254.0,410.0
gas_particles_ge_300,core,9.85,10.55,2050,2046,True,0.047297490566939736,0.05948523590533225,0.0560934943674229,0.15410204546764655,0.20855823381481545,0.05445618834716889,0.2966365088960546,0.14253446342840803,0.3181176495174499,0.16401560404980337,0.30283410117696585,0.1487320557093193,0.16727215916681262,0.01317011369916607,0.21406702724323984,0.059964981775593285,int_log_mgas,int_log_gas_fraction,leave_one_out_drop_from_l3_plus_all_internal,1.0,0.015283548340484066,1.0,single_feature_candidate_marginal,5.0,0.11706635391929426,0.05445618834716889,0.01317011369916607,0.02313114675442507,0.013360775081073167,0.07344295746612928,0.14253446342840803,0.039589442815249266,0.0,5034.0,2802.2,9045.6,962.0,588.0,1867.8
gas_particles_ge_300,upper_transition,10.55,10.75,418,418,True,0.037446371980255085,0.10224490067688168,0.10272793729476747,0.15126632416927321,0.16731221615718644,0.01604589198791323,0.17598533340221106,0.02471900923293785,0.17552683031480978,0.02426050614553657,0.17866409951358084,0.027397775344307623,0.1728187533666457,0.02155242919737249,0.17384809131899753,0.02258176714972432,int_log_mstar,int_log_gas_fraction,leave_one_out_drop_from_l3_plus_all_internal,4.0,-0.0031372691987710533,1.0,single_feature_candidate_marginal,3.0,0.0008363509457510743,0.01604589198791323,0.02155242919737249,0.01968689186939704,-0.0015572332707939895,-0.001401668745469431,0.02471900923293785,0.3133971291866029,0.0,9042.0,3678.68,16346.72,3069.5,2629.16,3642.3599999999997
gas_particles_ge_300,high,10.75,11.2,357,357,True,0.06391902611203579,0.10763973441622905,0.09267428066329189,0.08552392930863746,0.08995372091982512,0.004429791611187658,0.09361469944283192,0.008090770134194458,0.09728702248992491,0.011763093181287446,0.08819266412044913,0.0026687348118116655,0.0856749917989252,0.00015106249028773444,0.08700846183357498,0.0014845325249375207,int_log_rstar,int_log_gas_fraction,leave_one_out_drop_from_l3_plus_all_internal,3.0,0.00909435836947578,1.0,single_feature_candidate_marginal,4.0,-0.007213610569704862,0.004429791611187658,0.00015106249028773444,-0.0003100501487075802,0.006880076906551583,0.0019164356260342463,0.008090770134194458,0.2969187675070028,0.0,14327.0,6746.6,31388.639999999978,5462.0,4371.92,8119.119999999998
log_sfr_gt_minus5,low,9.0,9.3,1854,1851,True,0.07427590605324386,0.030338677263068027,0.029661646159317878,0.15265437836308055,0.21581292482728065,0.0631585464642001,0.21763534540951318,0.06498096704643264,0.22647638082478436,0.07382200246170381,0.16124228743955385,0.008587909076473305,0.15319345622920932,0.0005390778661287787,0.21287968073719635,0.0602253023741158,int_log_mgas,int_log_gas_fraction,leave_one_out_drop_from_l3_plus_all_internal,1.0,0.06523409338523051,1.0,single_feature_candidate_marginal,3.0,0.0058081173104522765,0.0631585464642001,0.0005390778661287787,0.004676649069273092,-0.00022885457740626225,0.0025907795775633735,0.06498096704643264,0.0,0.0,1201.0,809.0,1808.0,86.0,68.0,111.0
log_sfr_gt_minus5,pre_edge,9.3,9.55,1278,1275,True,0.05226088995718772,0.026977434647397325,0.02593162967911614,0.18994048112303177,0.26897092761472646,0.07903044649169469,0.28355543955606943,0.09361495843303766,0.293340004483572,0.10339952336054023,0.2218298630381273,0.03188938191509552,0.19902818289571458,0.00908770177268281,0.26901511911853665,0.07907463799550488,int_log_mgas,int_log_gas_fraction,leave_one_out_drop_from_l3_plus_all_internal,1.0,0.07151014144544471,1.0,single_feature_candidate_marginal,4.0,0.016208931350881833,0.07903044649169469,0.00908770177268281,0.01881602122948514,0.00017371348378669715,0.006803379363442552,0.09361495843303766,0.0,0.0,1745.0,1176.0,2519.3199999999997,169.0,137.84,207.0
log_sfr_gt_minus5,onset,9.55,9.85,1290,1289,True,0.052322452028234365,0.030246567748855754,0.030076796192971912,0.2081794837304099,0.26919618631277475,0.06101670258236486,0.2926189385478851,0.08443945481747522,0.29831690853929993,0.09013742480889003,0.2360942875611106,0.02791480383070069,0.20690037888367724,-0.0012791048467326593,0.2686182562971073,0.060438772566697385,int_log_mgas,int_log_gas_fraction,leave_one_out_drop_from_l3_plus_all_internal,1.0,0.06222262097818934,1.0,single_feature_candidate_marginal,4.0,0.029685280475894804,0.06101670258236486,-0.0012791048467326593,0.0038316709059144083,-0.0014779969021267991,0.0011488623408995036,0.08443945481747522,0.0,0.0,2574.0,1761.08,3838.960000000001,321.0,254.0,410.0
log_sfr_gt_minus5,core,9.85,10.55,1969,1965,True,0.04581934258570199,0.055636376649162086,0.04263820127590086,0.13429719707811455,0.19664853461500548,0.06235133753689093,0.2833537246522745,0.14905652757415994,0.29398852858599717,0.15969133150788262,0.2747973587721517,0.14050016169403717,0.13706419115882448,0.0027669940807099336,0.1986801323966519,0.06438293531853734,int_log_mgas,int_log_gas_fraction,leave_one_out_drop_from_l3_plus_all_internal,1.0,0.019191169813845443,1.0,single_feature_candidate_marginal,4.0,0.11929062478646385,0.06235133753689093,0.0027669940807099336,0.023405293717629783,0.011249841095884894,0.07597389568461749,0.14905652757415994,0.0,0.0,5115.0,2879.7200000000003,9143.76,932.0,583.0,1780.6
log_sfr_gt_minus5,upper_transition,10.55,10.75,287,287,True,0.031119895306186415,0.0573569386924324,0.05820173334160609,0.15255944181899275,0.17589754911700958,0.02333810729801683,0.18207838705184326,0.029518945232850508,0.17519573040676759,0.022636288587774833,0.18988810512911966,0.03732866331012691,0.16267570307283438,0.01011626125384163,0.16400453056549008,0.011445088746497328,int_log_mstar,int_log_gas_fraction,leave_one_out_drop_from_l3_plus_all_internal,6.0,-0.014692374722352075,1.0,single_feature_candidate_marginal,5.0,-0.0031319579750335447,0.02333810729801683,0.01011626125384163,0.011517810080494073,0.003187685335503593,-0.003002605559479038,0.029518945232850508,0.0,0.0,11575.0,6244.44,18425.079999999994,2969.0,2585.76,3555.479999999999
log_sfr_gt_minus5,high,10.75,11.2,251,251,True,0.06669363503852296,0.0810286061830839,0.06599378879197226,0.061532436860717146,0.058799248291503625,-0.002733188569213521,0.06383626250445676,0.0023038256437396126,0.06093230053159855,-0.0006001363291185946,0.060842712564991255,-0.0006897242957258909,0.06275871836789057,0.001226281507173424,0.06226194616510026,0.0007295093043831122,int_log_mstar,int_log_mstar,leave_one_out_drop_from_l3_plus_all_internal,2.0,8.958796660729629e-05,2.0,single_feature_candidate_marginal,3.0,0.00540155416784753,-0.002733188569213521,0.001226281507173424,0.0003765858932033919,-0.0034386645265359617,-0.00511388675537492,0.0023038256437396126,0.0,0.0,16527.0,9842.0,35119.0,5407.0,4367.0,8013.0
gas_particles_ge_100_and_log_sfr_gt_minus5,low,9.0,9.3,1854,1851,True,0.07427590605324386,0.030338677263068027,0.029661646159317878,0.15265437836308055,0.21581292482728065,0.0631585464642001,0.21763534540951318,0.06498096704643264,0.22647638082478436,0.07382200246170381,0.16124228743955385,0.008587909076473305,0.15319345622920932,0.0005390778661287787,0.21287968073719635,0.0602253023741158,int_log_mgas,int_log_gas_fraction,leave_one_out_drop_from_l3_plus_all_internal,1.0,0.06523409338523051,1.0,single_feature_candidate_marginal,3.0,0.0058081173104522765,0.0631585464642001,0.0005390778661287787,0.004676649069273092,-0.00022885457740626225,0.0025907795775633735,0.06498096704643264,0.0,0.0,1201.0,809.0,1808.0,86.0,68.0,111.0
gas_particles_ge_100_and_log_sfr_gt_minus5,pre_edge,9.3,9.55,1278,1275,True,0.05226088995718772,0.026977434647397325,0.02593162967911614,0.18994048112303177,0.26897092761472646,0.07903044649169469,0.28355543955606943,0.09361495843303766,0.293340004483572,0.10339952336054023,0.2218298630381273,0.03188938191509552,0.19902818289571458,0.00908770177268281,0.26901511911853665,0.07907463799550488,int_log_mgas,int_log_gas_fraction,leave_one_out_drop_from_l3_plus_all_internal,1.0,0.07151014144544471,1.0,single_feature_candidate_marginal,4.0,0.016208931350881833,0.07903044649169469,0.00908770177268281,0.01881602122948514,0.00017371348378669715,0.006803379363442552,0.09361495843303766,0.0,0.0,1745.0,1176.0,2519.3199999999997,169.0,137.84,207.0
gas_particles_ge_100_and_log_sfr_gt_minus5,onset,9.55,9.85,1290,1289,True,0.052322452028234365,0.030246567748855754,0.030076796192971912,0.2081794837304099,0.26919618631277475,0.06101670258236486,0.2926189385478851,0.08443945481747522,0.29831690853929993,0.09013742480889003,0.2360942875611106,0.02791480383070069,0.20690037888367724,-0.0012791048467326593,0.2686182562971073,0.060438772566697385,int_log_mgas,int_log_gas_fraction,leave_one_out_drop_from_l3_plus_all_internal,1.0,0.06222262097818934,1.0,single_feature_candidate_marginal,4.0,0.029685280475894804,0.06101670258236486,-0.0012791048467326593,0.0038316709059144083,-0.0014779969021267991,0.0011488623408995036,0.08443945481747522,0.0,0.0,2574.0,1761.08,3838.960000000001,321.0,254.0,410.0
gas_particles_ge_100_and_log_sfr_gt_minus5,core,9.85,10.55,1969,1965,True,0.04581934258570199,0.055636376649162086,0.04263820127590086,0.13429719707811455,0.19664853461500548,0.06235133753689093,0.2833537246522745,0.14905652757415994,0.29398852858599717,0.15969133150788262,0.2747973587721517,0.14050016169403717,0.13706419115882448,0.0027669940807099336,0.1986801323966519,0.06438293531853734,int_log_mgas,int_log_gas_fraction,leave_one_out_drop_from_l3_plus_all_internal,1.0,0.019191169813845443,1.0,single_feature_candidate_marginal,4.0,0.11929062478646385,0.06235133753689093,0.0027669940807099336,0.023405293717629783,0.011249841095884894,0.07597389568461749,0.14905652757415994,0.0,0.0,5115.0,2879.7200000000003,9143.76,932.0,583.0,1780.6
gas_particles_ge_100_and_log_sfr_gt_minus5,upper_transition,10.55,10.75,287,287,True,0.031119895306186415,0.0573569386924324,0.05820173334160609,0.15255944181899275,0.17589754911700958,0.02333810729801683,0.18207838705184326,0.029518945232850508,0.17519573040676759,0.022636288587774833,0.18988810512911966,0.03732866331012691,0.16267570307283438,0.01011626125384163,0.16400453056549008,0.011445088746497328,int_log_mstar,int_log_gas_fraction,leave_one_out_drop_from_l3_plus_all_internal,6.0,-0.014692374722352075,1.0,single_feature_candidate_marginal,5.0,-0.0031319579750335447,0.02333810729801683,0.01011626125384163,0.011517810080494073,0.003187685335503593,-0.003002605559479038,0.029518945232850508,0.0,0.0,11575.0,6244.44,18425.079999999994,2969.0,2585.76,3555.479999999999
gas_particles_ge_100_and_log_sfr_gt_minus5,high,10.75,11.2,251,251,True,0.06669363503852296,0.0810286061830839,0.06599378879197226,0.061532436860717146,0.058799248291503625,-0.002733188569213521,0.06383626250445676,0.0023038256437396126,0.06093230053159855,-0.0006001363291185946,0.060842712564991255,-0.0006897242957258909,0.06275871836789057,0.001226281507173424,0.06226194616510026,0.0007295093043831122,int_log_mstar,int_log_mstar,leave_one_out_drop_from_l3_plus_all_internal,2.0,8.958796660729629e-05,2.0,single_feature_candidate_marginal,3.0,0.00540155416784753,-0.002733188569213521,0.001226281507173424,0.0003765858932033919,-0.0034386645265359617,-0.00511388675537492,0.0023038256437396126,0.0,0.0,16527.0,9842.0,35119.0,5407.0,4367.0,8013.0
gas_particles_ge_300_and_log_sfr_gt_minus5,low,9.0,9.3,1847,1844,True,0.07374965259001998,0.02857516785326259,0.028049445562247293,0.15187157137175442,0.2136855015349485,0.061813930163194086,0.21602505960260973,0.06415348823085532,0.22472486950088938,0.07285329812913496,0.15994093118014432,0.008069359808389909,0.1532479982212794,0.001376426849524992,0.21247094659682456,0.06059937522507014,int_log_mgas,int_log_gas_fraction,leave_one_out_drop_from_l3_plus_all_internal,1.0,0.06478393832074505,1.0,single_feature_candidate_marginal,3.0,0.0052484586043072545,0.061813930163194086,0.001376426849524992,0.005352371724058086,-0.0007640217081047174,0.0016064768313365507,0.06415348823085532,0.0,0.0,1202.5,812.88,1809.12,86.0,68.0,111.0
gas_particles_ge_300_and_log_sfr_gt_minus5,pre_edge,9.3,9.55,1278,1275,True,0.05226088995718772,0.026977434647397325,0.02593162967911614,0.18994048112303177,0.26897092761472646,0.07903044649169469,0.28355543955606943,0.09361495843303766,0.293340004483572,0.10339952336054023,0.2218298630381273,0.03188938191509552,0.19902818289571458,0.00908770177268281,0.26901511911853665,0.07907463799550488,int_log_mgas,int_log_gas_fraction,leave_one_out_drop_from_l3_plus_all_internal,1.0,0.07151014144544471,1.0,single_feature_candidate_marginal,4.0,0.016208931350881833,0.07903044649169469,0.00908770177268281,0.01881602122948514,0.00017371348378669715,0.006803379363442552,0.09361495843303766,0.0,0.0,1745.0,1176.0,2519.3199999999997,169.0,137.84,207.0
gas_particles_ge_300_and_log_sfr_gt_minus5,onset,9.55,9.85,1290,1289,True,0.052322452028234365,0.030246567748855754,0.030076796192971912,0.2081794837304099,0.26919618631277475,0.06101670258236486,0.2926189385478851,0.08443945481747522,0.29831690853929993,0.09013742480889003,0.2360942875611106,0.02791480383070069,0.20690037888367724,-0.0012791048467326593,0.2686182562971073,0.060438772566697385,int_log_mgas,int_log_gas_fraction,leave_one_out_drop_from_l3_plus_all_internal,1.0,0.06222262097818934,1.0,single_feature_candidate_marginal,4.0,0.029685280475894804,0.06101670258236486,-0.0012791048467326593,0.0038316709059144083,-0.0014779969021267991,0.0011488623408995036,0.08443945481747522,0.0,0.0,2574.0,1761.08,3838.960000000001,321.0,254.0,410.0
gas_particles_ge_300_and_log_sfr_gt_minus5,core,9.85,10.55,1969,1965,True,0.04581934258570199,0.055636376649162086,0.04263820127590086,0.13429719707811455,0.19664853461500548,0.06235133753689093,0.2833537246522745,0.14905652757415994,0.29398852858599717,0.15969133150788262,0.2747973587721517,0.14050016169403717,0.13706419115882448,0.0027669940807099336,0.1986801323966519,0.06438293531853734,int_log_mgas,int_log_gas_fraction,leave_one_out_drop_from_l3_plus_all_internal,1.0,0.019191169813845443,1.0,single_feature_candidate_marginal,4.0,0.11929062478646385,0.06235133753689093,0.0027669940807099336,0.023405293717629783,0.011249841095884894,0.07597389568461749,0.14905652757415994,0.0,0.0,5115.0,2879.7200000000003,9143.76,932.0,583.0,1780.6
gas_particles_ge_300_and_log_sfr_gt_minus5,upper_transition,10.55,10.75,287,287,True,0.031119895306186415,0.0573569386924324,0.05820173334160609,0.15255944181899275,0.17589754911700958,0.02333810729801683,0.18207838705184326,0.029518945232850508,0.17519573040676759,0.022636288587774833,0.18988810512911966,0.03732866331012691,0.16267570307283438,0.01011626125384163,0.16400453056549008,0.011445088746497328,int_log_mstar,int_log_gas_fraction,leave_one_out_drop_from_l3_plus_all_internal,6.0,-0.014692374722352075,1.0,single_feature_candidate_marginal,5.0,-0.0031319579750335447,0.02333810729801683,0.01011626125384163,0.011517810080494073,0.003187685335503593,-0.003002605559479038,0.029518945232850508,0.0,0.0,11575.0,6244.44,18425.079999999994,2969.0,2585.76,3555.479999999999
gas_particles_ge_300_and_log_sfr_gt_minus5,high,10.75,11.2,251,251,True,0.06669363503852296,0.0810286061830839,0.06599378879197226,0.061532436860717146,0.058799248291503625,-0.002733188569213521,0.06383626250445676,0.0023038256437396126,0.06093230053159855,-0.0006001363291185946,0.060842712564991255,-0.0006897242957258909,0.06275871836789057,0.001226281507173424,0.06226194616510026,0.0007295093043831122,int_log_mstar,int_log_mstar,leave_one_out_drop_from_l3_plus_all_internal,2.0,8.958796660729629e-05,2.0,single_feature_candidate_marginal,3.0,0.00540155416784753,-0.002733188569213521,0.001226281507173424,0.0003765858932033919,-0.0034386645265359617,-0.00511388675537492,0.0023038256437396126,0.0,0.0,16527.0,9842.0,35119.0,5407.0,4367.0,8013.0
gas_particles_ge_100_and_log_sfr_gt_minus5_and_finite_gas_mass,low,9.0,9.3,1854,1851,True,0.07427590605324386,0.030338677263068027,0.029661646159317878,0.15265437836308055,0.21581292482728065,0.0631585464642001,0.21763534540951318,0.06498096704643264,0.22647638082478436,0.07382200246170381,0.16124228743955385,0.008587909076473305,0.15319345622920932,0.0005390778661287787,0.21287968073719635,0.0602253023741158,int_log_mgas,int_log_gas_fraction,leave_one_out_drop_from_l3_plus_all_internal,1.0,0.06523409338523051,1.0,single_feature_candidate_marginal,3.0,0.0058081173104522765,0.0631585464642001,0.0005390778661287787,0.004676649069273092,-0.00022885457740626225,0.0025907795775633735,0.06498096704643264,0.0,0.0,1201.0,809.0,1808.0,86.0,68.0,111.0
gas_particles_ge_100_and_log_sfr_gt_minus5_and_finite_gas_mass,pre_edge,9.3,9.55,1278,1275,True,0.05226088995718772,0.026977434647397325,0.02593162967911614,0.18994048112303177,0.26897092761472646,0.07903044649169469,0.28355543955606943,0.09361495843303766,0.293340004483572,0.10339952336054023,0.2218298630381273,0.03188938191509552,0.19902818289571458,0.00908770177268281,0.26901511911853665,0.07907463799550488,int_log_mgas,int_log_gas_fraction,leave_one_out_drop_from_l3_plus_all_internal,1.0,0.07151014144544471,1.0,single_feature_candidate_marginal,4.0,0.016208931350881833,0.07903044649169469,0.00908770177268281,0.01881602122948514,0.00017371348378669715,0.006803379363442552,0.09361495843303766,0.0,0.0,1745.0,1176.0,2519.3199999999997,169.0,137.84,207.0
gas_particles_ge_100_and_log_sfr_gt_minus5_and_finite_gas_mass,onset,9.55,9.85,1290,1289,True,0.052322452028234365,0.030246567748855754,0.030076796192971912,0.2081794837304099,0.26919618631277475,0.06101670258236486,0.2926189385478851,0.08443945481747522,0.29831690853929993,0.09013742480889003,0.2360942875611106,0.02791480383070069,0.20690037888367724,-0.0012791048467326593,0.2686182562971073,0.060438772566697385,int_log_mgas,int_log_gas_fraction,leave_one_out_drop_from_l3_plus_all_internal,1.0,0.06222262097818934,1.0,single_feature_candidate_marginal,4.0,0.029685280475894804,0.06101670258236486,-0.0012791048467326593,0.0038316709059144083,-0.0014779969021267991,0.0011488623408995036,0.08443945481747522,0.0,0.0,2574.0,1761.08,3838.960000000001,321.0,254.0,410.0
gas_particles_ge_100_and_log_sfr_gt_minus5_and_finite_gas_mass,core,9.85,10.55,1969,1965,True,0.04581934258570199,0.055636376649162086,0.04263820127590086,0.13429719707811455,0.19664853461500548,0.06235133753689093,0.2833537246522745,0.14905652757415994,0.29398852858599717,0.15969133150788262,0.2747973587721517,0.14050016169403717,0.13706419115882448,0.0027669940807099336,0.1986801323966519,0.06438293531853734,int_log_mgas,int_log_gas_fraction,leave_one_out_drop_from_l3_plus_all_internal,1.0,0.019191169813845443,1.0,single_feature_candidate_marginal,4.0,0.11929062478646385,0.06235133753689093,0.0027669940807099336,0.023405293717629783,0.011249841095884894,0.07597389568461749,0.14905652757415994,0.0,0.0,5115.0,2879.7200000000003,9143.76,932.0,583.0,1780.6
gas_particles_ge_100_and_log_sfr_gt_minus5_and_finite_gas_mass,upper_transition,10.55,10.75,287,287,True,0.031119895306186415,0.0573569386924324,0.05820173334160609,0.15255944181899275,0.17589754911700958,0.02333810729801683,0.18207838705184326,0.029518945232850508,0.17519573040676759,0.022636288587774833,0.18988810512911966,0.03732866331012691,0.16267570307283438,0.01011626125384163,0.16400453056549008,0.011445088746497328,int_log_mstar,int_log_gas_fraction,leave_one_out_drop_from_l3_plus_all_internal,6.0,-0.014692374722352075,1.0,single_feature_candidate_marginal,5.0,-0.0031319579750335447,0.02333810729801683,0.01011626125384163,0.011517810080494073,0.003187685335503593,-0.003002605559479038,0.029518945232850508,0.0,0.0,11575.0,6244.44,18425.079999999994,2969.0,2585.76,3555.479999999999
gas_particles_ge_100_and_log_sfr_gt_minus5_and_finite_gas_mass,high,10.75,11.2,251,251,True,0.06669363503852296,0.0810286061830839,0.06599378879197226,0.061532436860717146,0.058799248291503625,-0.002733188569213521,0.06383626250445676,0.0023038256437396126,0.06093230053159855,-0.0006001363291185946,0.060842712564991255,-0.0006897242957258909,0.06275871836789057,0.001226281507173424,0.06226194616510026,0.0007295093043831122,int_log_mstar,int_log_mstar,leave_one_out_drop_from_l3_plus_all_internal,2.0,8.958796660729629e-05,2.0,single_feature_candidate_marginal,3.0,0.00540155416784753,-0.002733188569213521,0.001226281507173424,0.0003765858932033919,-0.0034386645265359617,-0.00511388675537492,0.0023038256437396126,0.0,0.0,16527.0,9842.0,35119.0,5407.0,4367.0,8013.0
best_viable_clean_sample,low,9.0,9.3,281,280,True,0.061714440316079304,0.010739096636600208,0.009996387313141683,-0.012503454709312845,0.02105307689544895,0.0335565316047618,0.01647424962086321,0.028977704330176057,0.03871751344957854,0.05122096815889139,0.0066256089652531715,0.019129063674566016,-0.005155283449556425,0.00734817125975642,0.024663314593802,0.03716676930311484,int_log_mgas,int_log_mgas,leave_one_out_drop_from_l3_plus_all_internal,1.0,0.03209190448432537,2.0,single_feature_candidate_marginal,5.0,-0.00706524527236627,0.0335565316047618,0.00734817125975642,0.006646244568525806,0.010046959467937811,0.016682915668382536,0.028977704330176057,0.0,0.0,1755.5,1430.76,2437.72,110.0,103.0,120.0
best_viable_clean_sample,pre_edge,9.3,9.55,426,424,True,0.04673660008023669,0.013050740666472665,0.00851235329214734,0.14049855287520063,0.21372809754488414,0.07322954466968351,0.23252166031816807,0.09202310744296743,0.24499540998413477,0.10449685710893414,0.1570924832617991,0.016593930386598454,0.1480309841809921,0.007532431305791454,0.20587306091344884,0.06537450803824821,int_log_mgas,int_log_gas_fraction,leave_one_out_drop_from_l3_plus_all_internal,1.0,0.08790292672233568,1.0,single_feature_candidate_marginal,6.0,0.0017673172849663465,0.07322954466968351,0.007532431305791454,0.01412850252761419,0.00394945497695981,-0.000494776095467997,0.09202310744296743,0.0,0.0,2444.0,1916.48,3157.96,157.0,133.0,195.32
best_viable_clean_sample,onset,9.55,9.85,200,200,True,0.048935652719406565,0.013421550946898871,0.007250222734998221,0.06812679363416627,0.09231020192131915,0.024183408287152888,0.13019799135797056,0.06207119772380429,0.09784718030549704,0.02972038667133077,0.061065877964671736,-0.00706091566949453,0.06417653184136433,-0.003950261792801932,0.08947585645195089,0.02134906281778462,int_log_mgas,int_log_gas_fraction,leave_one_out_drop_from_l3_plus_all_internal,1.0,0.0367813023408253,1.0,single_feature_candidate_marginal,5.0,0.0023019873323755213,0.024183408287152888,-0.003950261792801932,-0.005041075637933587,-0.002021029576319222,0.002980487228282952,0.06207119772380429,0.0,0.0,4477.5,3373.52,5819.08,297.0,241.0,369.15999999999997
best_viable_clean_sample,core,9.85,10.55,72,72,False,,,,,,,,,,,,,,,,,,,,,,,,,,,,,,,,0.0,0.0,10218.5,7359.0,19020.8,748.0,529.44,1305.76
best_viable_clean_sample,upper_transition,10.55,10.75,4,4,False,,,,,,,,,,,,,,,,,,,,,,,,,,,,,,,,0.0,0.0,47064.0,38815.6,63403.08,2624.0,2509.44,3100.48
best_viable_clean_sample,high,10.75,11.2,6,6,False,,,,,,,,,,,,,,,,,,,,,,,,,,,,,,,,0.0,0.0,66872.5,58538.6,121339.6,5297.5,4582.4,9136.0
star_particles_ge_100,low,9.0,9.3,580,579,True,0.08132972245661019,0.4043870524879978,0.40099470913240054,0.07433336519174308,0.07459071102220742,0.00025734583046434223,0.07453776680538075,0.00020440161363767528,0.07225660926632085,-0.0020767559254222245,0.07251306310736991,-0.001820302084373171,0.07746638396436205,0.00313301877261897,0.07693555514333868,0.0026021899515955987,int_metallicity,int_log_sfr,leave_one_out_drop_from_l3_plus_all_internal,4.0,-0.00025645384104905355,4.0,single_feature_candidate_marginal,2.0,-0.0030775735219985834,0.00025734583046434223,0.00313301877261897,0.0026211007839643946,-0.0013457177244391438,-0.0017781520865426254,0.00020440161363767528,0.0051813471502590676,0.0051813471502590676,1342.0,920.44,1964.8799999999997,111.0,103.0,121.0
star_particles_ge_100,pre_edge,9.3,9.55,1278,1275,True,0.05226088995718772,0.026977434647397325,0.02593162967911614,0.18994048112303177,0.26897092761472646,0.07903044649169469,0.28355543955606943,0.09361495843303766,0.293340004483572,0.10339952336054023,0.2218298630381273,0.03188938191509552,0.19902818289571458,0.00908770177268281,0.26901511911853665,0.07907463799550488,int_log_mgas,int_log_gas_fraction,leave_one_out_drop_from_l3_plus_all_internal,1.0,0.07151014144544471,1.0,single_feature_candidate_marginal,4.0,0.016208931350881833,0.07903044649169469,0.00908770177268281,0.01881602122948514,0.00017371348378669715,0.006803379363442552,0.09361495843303766,0.0,0.0,1745.0,1176.0,2519.3199999999997,169.0,137.84,207.0
star_particles_ge_100,onset,9.55,9.85,1290,1289,True,0.052322452028234365,0.030246567748855754,0.030076796192971912,0.2081794837304099,0.26919618631277475,0.06101670258236486,0.2926189385478851,0.08443945481747522,0.29831690853929993,0.09013742480889003,0.2360942875611106,0.02791480383070069,0.20690037888367724,-0.0012791048467326593,0.2686182562971073,0.060438772566697385,int_log_mgas,int_log_gas_fraction,leave_one_out_drop_from_l3_plus_all_internal,1.0,0.06222262097818934,1.0,single_feature_candidate_marginal,4.0,0.029685280475894804,0.06101670258236486,-0.0012791048467326593,0.0038316709059144083,-0.0014779969021267991,0.0011488623408995036,0.08443945481747522,0.0,0.0,2574.0,1761.08,3838.960000000001,321.0,254.0,410.0
star_particles_ge_100,core,9.85,10.55,2051,2047,True,0.0473103260135534,0.06015943251610699,0.057102760931331265,0.15477755423745304,0.20850281940560098,0.053725265168147934,0.2951799229856077,0.14040236874815465,0.317054251863213,0.16227669762575997,0.3026623804238864,0.14788482618643334,0.16752516819721697,0.012747613959763926,0.2139641206299236,0.05918656639247055,int_log_mgas,int_log_gas_fraction,leave_one_out_drop_from_l3_plus_all_internal,1.0,0.014391871439326631,1.0,single_feature_candidate_marginal,5.0,0.11689413712149588,0.053725265168147934,0.012747613959763926,0.022513451209823093,0.013378652170373151,0.07266529657080303,0.14040236874815465,0.040058622374206154,0.0,5033.0,2801.36,9044.48,962.0,588.0,1868.0
star_particles_ge_100,upper_transition,10.55,10.75,418,418,True,0.037446371980255085,0.10224490067688168,0.10272793729476747,0.15126632416927321,0.16731221615718644,0.01604589198791323,0.17598533340221106,0.02471900923293785,0.17552683031480978,0.02426050614553657,0.17866409951358084,0.027397775344307623,0.1728187533666457,0.02155242919737249,0.17384809131899753,0.02258176714972432,int_log_mstar,int_log_gas_fraction,leave_one_out_drop_from_l3_plus_all_internal,4.0,-0.0031372691987710533,1.0,single_feature_candidate_marginal,3.0,0.0008363509457510743,0.01604589198791323,0.02155242919737249,0.01968689186939704,-0.0015572332707939895,-0.001401668745469431,0.02471900923293785,0.3133971291866029,0.0,9042.0,3678.68,16346.72,3069.5,2629.16,3642.3599999999997
star_particles_ge_100,high,10.75,11.2,357,357,True,0.06391902611203579,0.10763973441622905,0.09267428066329189,0.08552392930863746,0.08995372091982512,0.004429791611187658,0.09361469944283192,0.008090770134194458,0.09728702248992491,0.011763093181287446,0.08819266412044913,0.0026687348118116655,0.0856749917989252,0.00015106249028773444,0.08700846183357498,0.0014845325249375207,int_log_rstar,int_log_gas_fraction,leave_one_out_drop_from_l3_plus_all_internal,3.0,0.00909435836947578,1.0,single_feature_candidate_marginal,4.0,-0.007213610569704862,0.004429791611187658,0.00015106249028773444,-0.0003100501487075802,0.006880076906551583,0.0019164356260342463,0.008090770134194458,0.2969187675070028,0.0,14327.0,6746.6,31388.639999999978,5462.0,4371.92,8119.119999999998
star_particles_ge_100_and_gas_particles_ge_100_and_log_sfr_gt_minus5,low,9.0,9.3,577,576,True,0.08011594359029567,0.026484022669382924,0.025640550125016728,0.04863050826605728,0.08000080967923798,0.031370301413180694,0.08336433643984272,0.03473382817378543,0.07824080594654506,0.029610297680487778,0.04864257358819137,1.206532213408884e-05,0.05428666970908265,0.005656161443025366,0.08461187394547023,0.03598136567941295,int_log_mgas,int_log_gas_fraction,leave_one_out_drop_from_l3_plus_all_internal,1.0,0.02959823235835369,1.0,single_feature_candidate_marginal,4.0,-0.0017362931554706848,0.031370301413180694,0.005656161443025366,0.006042196457399986,-0.0018881663619831693,-0.005821278497565578,0.03473382817378543,0.0,0.0,1344.0,930.0,1974.0,111.0,103.0,121.0
star_particles_ge_100_and_gas_particles_ge_100_and_log_sfr_gt_minus5,pre_edge,9.3,9.55,1278,1275,True,0.05226088995718772,0.026977434647397325,0.02593162967911614,0.18994048112303177,0.26897092761472646,0.07903044649169469,0.28355543955606943,0.09361495843303766,0.293340004483572,0.10339952336054023,0.2218298630381273,0.03188938191509552,0.19902818289571458,0.00908770177268281,0.26901511911853665,0.07907463799550488,int_log_mgas,int_log_gas_fraction,leave_one_out_drop_from_l3_plus_all_internal,1.0,0.07151014144544471,1.0,single_feature_candidate_marginal,4.0,0.016208931350881833,0.07903044649169469,0.00908770177268281,0.01881602122948514,0.00017371348378669715,0.006803379363442552,0.09361495843303766,0.0,0.0,1745.0,1176.0,2519.3199999999997,169.0,137.84,207.0
star_particles_ge_100_and_gas_particles_ge_100_and_log_sfr_gt_minus5,onset,9.55,9.85,1290,1289,True,0.052322452028234365,0.030246567748855754,0.030076796192971912,0.2081794837304099,0.26919618631277475,0.06101670258236486,0.2926189385478851,0.08443945481747522,0.29831690853929993,0.09013742480889003,0.2360942875611106,0.02791480383070069,0.20690037888367724,-0.0012791048467326593,0.2686182562971073,0.060438772566697385,int_log_mgas,int_log_gas_fraction,leave_one_out_drop_from_l3_plus_all_internal,1.0,0.06222262097818934,1.0,single_feature_candidate_marginal,4.0,0.029685280475894804,0.06101670258236486,-0.0012791048467326593,0.0038316709059144083,-0.0014779969021267991,0.0011488623408995036,0.08443945481747522,0.0,0.0,2574.0,1761.08,3838.960000000001,321.0,254.0,410.0
star_particles_ge_100_and_gas_particles_ge_100_and_log_sfr_gt_minus5,core,9.85,10.55,1969,1965,True,0.04581934258570199,0.055636376649162086,0.04263820127590086,0.13429719707811455,0.19664853461500548,0.06235133753689093,0.2833537246522745,0.14905652757415994,0.29398852858599717,0.15969133150788262,0.2747973587721517,0.14050016169403717,0.13706419115882448,0.0027669940807099336,0.1986801323966519,0.06438293531853734,int_log_mgas,int_log_gas_fraction,leave_one_out_drop_from_l3_plus_all_internal,1.0,0.019191169813845443,1.0,single_feature_candidate_marginal,4.0,0.11929062478646385,0.06235133753689093,0.0027669940807099336,0.023405293717629783,0.011249841095884894,0.07597389568461749,0.14905652757415994,0.0,0.0,5115.0,2879.7200000000003,9143.76,932.0,583.0,1780.6
star_particles_ge_100_and_gas_particles_ge_100_and_log_sfr_gt_minus5,upper_transition,10.55,10.75,287,287,True,0.031119895306186415,0.0573569386924324,0.05820173334160609,0.15255944181899275,0.17589754911700958,0.02333810729801683,0.18207838705184326,0.029518945232850508,0.17519573040676759,0.022636288587774833,0.18988810512911966,0.03732866331012691,0.16267570307283438,0.01011626125384163,0.16400453056549008,0.011445088746497328,int_log_mstar,int_log_gas_fraction,leave_one_out_drop_from_l3_plus_all_internal,6.0,-0.014692374722352075,1.0,single_feature_candidate_marginal,5.0,-0.0031319579750335447,0.02333810729801683,0.01011626125384163,0.011517810080494073,0.003187685335503593,-0.003002605559479038,0.029518945232850508,0.0,0.0,11575.0,6244.44,18425.079999999994,2969.0,2585.76,3555.479999999999
star_particles_ge_100_and_gas_particles_ge_100_and_log_sfr_gt_minus5,high,10.75,11.2,251,251,True,0.06669363503852296,0.0810286061830839,0.06599378879197226,0.061532436860717146,0.058799248291503625,-0.002733188569213521,0.06383626250445676,0.0023038256437396126,0.06093230053159855,-0.0006001363291185946,0.060842712564991255,-0.0006897242957258909,0.06275871836789057,0.001226281507173424,0.06226194616510026,0.0007295093043831122,int_log_mstar,int_log_mstar,leave_one_out_drop_from_l3_plus_all_internal,2.0,8.958796660729629e-05,2.0,single_feature_candidate_marginal,3.0,0.00540155416784753,-0.002733188569213521,0.001226281507173424,0.0003765858932033919,-0.0034386645265359617,-0.00511388675537492,0.0023038256437396126,0.0,0.0,16527.0,9842.0,35119.0,5407.0,4367.0,8013.0
